Usuario,CBO_5D,Prob
DeCoEn,225235,50.3
LeDaCh,314705,100
RaCoPi,261310,100
FrQuCa,717005,12.6
OFMAL,715110,5
OFMAL,715110,56.1
OFMAL,376235,80.2
GudeAsCo,715110,75.2
OFMAL,215215,4.7
OFMAL,841320,5.4
OFMAL,214520,100
SeSc,241205,50
SeSc,224110,50
SeSc,261610,50
SeSc,415105,80.2
SeSc,233220,70.5
SeSc,520105,78.8
SeSc,225350,49.3
SeSc,314620,71.2
SeSc,142110,84.2
ThGadoRe,122105,0
ThGadoRe,622615,80.6
ThGadoRe,954105,90.3
ThGadoRe,761810,100
ThGadoRe,414110,100
ThGadoRe,411015,100
ThGadoRe,621005,60.1
ThGadoRe,225185,19.8
ThGadoRe,623325,50.4
ThGadoRe,510110,100
ThGadoRe,773510,90.3
ThGadoRe,234915,100
ThGadoRe,252215,0
ThGadoRe,519210,100
ThGadoRe,262330,100
ThGadoRe,511210,20.1
ThGadoRe,763305,100
ThGadoRe,766220,100
ThGadoRe,818110,100
ThGadoRe,374110,100
ThGadoRe,763320,100
ThGadoRe,391115,100
ThGadoRe,720115,100
ThGadoRe,319205,100
ThGadoRe,613405,90.3
ThGadoRe,841605,20.2
ThGadoRe,915115,100
ThGadoRe,914105,100
ThGadoRe,415305,100
ThGadoRe,768130,79.5
ThGadoRe,373105,100
ThGadoRe,711405,100
ThGadoRe,773115,100
ThGadoRe,721405,100
ThGadoRe,111325,100
ThGadoRe,991105,77.7
ThGadoRe,919315,100
ThGadoRe,953115,100
ThGadoRe,420120,100
ThGadoRe,510110,19.8
ThGadoRe,411040,80.6
ThGadoRe,766240,80.6
ThGadoRe,262425,100
ThGadoRe,131220,5
ThGadoRe,262805,18.3
ThGadoRe,519315,3.6
ThGadoRe,766420,10.1
ThGadoRe,341120,100
ThGadoRe,262235,100
ThGadoRe,341110,2.5
ThGadoRe,731110,100
ThGadoRe,131305,100
ThGadoRe,374310,77
ThGadoRe,622705,100
ThGadoRe,414205,100
ThGadoRe,622005,100
ThGadoRe,612220,100
ThGadoRe,122510,100
ThGadoRe,374305,79.1
ThGadoRe,21105,100
ThGadoRe,421110,78.4
ThGadoRe,632405,100
ThGadoRe,239405,100
ThGadoRe,811430,9.7
ThGadoRe,725205,100
ThGadoRe,414115,100
ThGadoRe,420125,100
ThGadoRe,353230,100
ThGadoRe,720140,100
ThGadoRe,723120,100
ThGadoRe,833120,100
ThGadoRe,322230,100
ThGadoRe,723235,80.2
ThGadoRe,374135,100
ThGadoRe,751115,100
ThGadoRe,262215,100
ThGadoRe,611005,5
ThGadoRe,823220,100
ThGadoRe,123105,100
ThGadoRe,763005,100
ThGadoRe,234815,100
ThGadoRe,725610,49.3
ThGadoRe,717025,100
ThGadoRe,613010,100
ThGadoRe,822120,14.4
ThGadoRe,914425,100
ThGadoRe,318410,100
ThGadoRe,848415,4.7
ThGadoRe,262620,29.5
ThGadoRe,513415,5.4
ThGadoRe,911135,100
ThGadoRe,777115,100
ThGadoRe,823120,100
ThGadoRe,351510,100
ThGadoRe,631405,100
ThGadoRe,632330,100
ThGadoRe,848105,100
ThGadoRe,142405,100
ThGadoRe,20310,100
ThGadoRe,841610,70.1
ThGadoRe,612610,100
ThGadoRe,225240,100
ThGadoRe,762110,50
ThGadoRe,715705,52.5
ThGadoRe,354410,100
ThGadoRe,223635,100
ThGadoRe,412110,100
ThGadoRe,376230,100
ThGadoRe,374105,4.3
ThGadoRe,842120,100
ThGadoRe,142320,100
ThGadoRe,316115,100
ThGadoRe,768125,100
ThGadoRe,613410,100
ThGadoRe,632525,9
ThGadoRe,913120,100
ThGadoRe,424110,100
ThGadoRe,811710,100
ThGadoRe,201210,100
ThGadoRe,821220,100
ThGadoRe,631315,100
ThGadoRe,223540,50.4
ThGadoRe,811010,50.4
ThGadoRe,203405,100
ArCadePiFi,214250,80
ArCadePiFi,223565,60
ArCadePiFi,992205,30
ArCadePiFi,377205,50
ArCadePiFi,821335,30
ArCadePiFi,761820,50
ArCadePiFi,223705,40
ArCadePiFi,142305,20
ArCadePiFi,791140,60
ArCadePiFi,353205,30
ArCadePiFi,519925,60
ArCadePiFi,241340,20
ArCadePiFi,21105,70
ArCadePiFi,775105,50
ArCadePiFi,415120,20
AlAcdeAn,325010,100
AlAcdeAn,223825,19.8
AlAcdeAn,512105,20.9
AlAcdeAn,772115,8.3
AlAcdeAn,141420,11.9
AlAcdeAn,214305,50
AlAcdeAn,262225,5
AlAcdeAn,711215,5
AlAcdeAn,415305,84.1
AlAcdeAn,515305,84.1
AlAcdeAn,321105,20.1
AlAcdeAn,910120,20.1
AlAcdeAn,424130,27.3
AlAcdeAn,914410,59.3
AlAcdeAn,373135,39.5
AlAcdeAn,721420,70.4
AlAcdeAn,322220,89.8
AlAcdeAn,252510,69.3
AlAcdeAn,122710,95.9
AlAcdeAn,203310,100
AlAcdeAn,766225,23.7
AlAcdeAn,517405,83.8
AlAcdeAn,519115,100
AlAcdeAn,721315,100
AlAcdeAn,252725,93.9
AlAcdeAn,761230,100
AlAcdeAn,766245,100
AlAcdeAn,643025,100
AlAcdeAn,141725,49.3
AlAcdeAn,517310,89.6
AlAcdeAn,410235,19.8
AlAcdeAn,919310,24.5
AlAcdeAn,766305,5.8
AlAcdeAn,314210,38.9
AlAcdeAn,711305,45
AlAcdeAn,611005,83.1
AlAcdeAn,122120,20.9
AlAcdeAn,141115,20.9
AlAcdeAn,213145,20.9
AlAcdeAn,622010,5.8
AlAcdeAn,512110,11.9
AlAcdeAn,732115,11.9
AlAcdeAn,811620,88.2
AlAcdeAn,773210,93.6
AlAcdeAn,762120,93.6
AlAcdeAn,782710,50.1
AlAcdeAn,516345,50.1
AlAcdeAn,223232,50.1
AlAcdeAn,213310,12.7
AlAcdeAn,223840,12.7
AlAcdeAn,612125,17.4
AlAcdeAn,252715,21.4
AlAcdeAn,223240,93
AlAcdeAn,234310,18.5
AlAcdeAn,811205,4.5
AlAcdeAn,765005,56.7
AlAcdeAn,241010,30.1
AlAcdeAn,261420,83.7
AlAcdeAn,20115,92.7
AlAcdeAn,211115,4.2
AlAcdeAn,724415,0
AlAcdeAn,225215,66.9
AlAcdeAn,915305,22.3
AlAcdeAn,261140,22.3
AlAcdeAn,226315,84.2
AlAcdeAn,421305,23
AlAcdeAn,831110,23
AlAcdeAn,510135,87.4
AlAcdeAn,214005,19.8
AlAcdeAn,776415,19.8
AlAcdeAn,234425,51.1
AlAcdeAn,422215,14.8
AlAcdeAn,752110,100
AlAcdeAn,782135,38.5
AlAcdeAn,321310,88.9
AlAcdeAn,511110,12.3
AlAcdeAn,214250,94.3
AlAcdeAn,742115,6.2
AlAcdeAn,225310,6.2
AlAcdeAn,913110,6.2
AlAcdeAn,322220,11.6
AlAcdeAn,141735,11.6
AlAcdeAn,622710,11.6
AlAcdeAn,721205,70.6
AlAcdeAn,623205,70.6
AlAcdeAn,313115,30
AlAcdeAn,391220,72.1
AlAcdeAn,30205,87.2
AlAcdeAn,811205,87.2
AlAcdeAn,241310,87.2
AlAcdeAn,768605,87.2
AlAcdeAn,234755,19.9
AlAcdeAn,141710,95.1
AlAcdeAn,241215,95.1
AlAcdeAn,612005,9.5
AlAcdeAn,720140,23.5
AlAcdeAn,731175,23.5
AlAcdeAn,715515,23.5
AlAcdeAn,612805,23.5
AlAcdeAn,411015,81.1
AlAcdeAn,231320,14.9
AlAcdeAn,725405,60.6
AlAcdeAn,233225,23.9
AlAcdeAn,519910,18.1
AlAcdeAn,862115,90
AlAcdeAn,723120,90
AlAcdeAn,241015,29.6
AlAcdeAn,203120,0
AlAcdeAn,374105,76.3
AlAcdeAn,712110,80.6
AlAcdeAn,715410,26.6
AlAcdeAn,811510,21.6
AlAcdeAn,111305,0
AlAcdeAn,318110,91.4
AlAcdeAn,211120,0
AlAcdeAn,919315,23
AlAcdeAn,951315,88.5
AlAcdeAn,141525,27.3
AlAcdeAn,261120,59
AlAcdeAn,517415,71.6
AlAcdeAn,848110,71.6
AlAcdeAn,211120,2.2
AlAcdeAn,773305,63.7
AlAcdeAn,420110,63.7
AlAcdeAn,314725,72
AlAcdeAn,720125,72
AlAcdeAn,773215,72
AlAcdeAn,314305,72
AlAcdeAn,823105,72
AlAcdeAn,631310,27
AlAcdeAn,841610,62.6
AlAcdeAn,862150,62.6
AlAcdeAn,848410,28.4
AlAcdeAn,613215,28.4
AlAcdeAn,374115,76.6
AlAcdeAn,223520,19
AlAcdeAn,251220,68.3
AlAcdeAn,821240,68.3
AlAcdeAn,410240,73.3
AlAcdeAn,325005,21.9
AlAcdeAn,914420,21.9
AlAcdeAn,234210,25.5
AlAcdeAn,715225,17.6
AlAcdeAn,761250,17.6
AlAcdeAn,351410,60.8
AlAcdeAn,234810,24.8
AlAcdeAn,342410,79.8
AlAcdeAn,914415,19.7
AlAcdeAn,716505,19.7
AlAcdeAn,223845,19.7
AlAcdeAn,643005,70.1
AlAcdeAn,201210,70.1
AlAcdeAn,514105,100
AlAcdeAn,740110,31.7
AlAcdeAn,765315,63.7
AlAcdeAn,331105,10.5
AlAcdeAn,225285,10.5
AlAcdeAn,710205,10.5
AlAcdeAn,711115,17
JoAlRoPeSa,842135,100
JoAlRoPeSa,511110,89.9
JoAlRoPeSa,254410,75.2
JoAlRoPeSa,225225,66.6
JoAlRoPeSa,239205,50.1
FlMiVa,821430,79.9
FlMiVa,225121,100
FlMiVa,142405,100
FlMiVa,632105,100
FlMiVa,262710,100
FlMiVa,413210,90.6
FlMiVa,420125,100
FlMiVa,122205,100
FlMiVa,141525,79.9
FlMiVa,752225,100
FlMiVa,111405,100
FlMiVa,318210,100
FlMiVa,773340,94.6
FlMiVa,761351,100
FlMiVa,752215,100
FlMiVa,31105,100
FlMiVa,643010,79.9
FlMiVa,782510,97.1
FlMiVa,811770,100
FlMiVa,517310,100
FlMiVa,951310,79.9
FlMiVa,262405,92.1
FlMiVa,314310,49.6
FlMiVa,811310,96.4
FlMiVa,761315,96.4
FlMiVa,313215,96.4
FlMiVa,251555,91
FlMiVa,750105,91
FlMiVa,122715,98.9
FlMiVa,232155,98.9
FlMiVa,813110,51.4
FlMiVa,422120,100
FlMiVa,376225,100
FlMiVa,612120,88.8
FlMiVa,715520,100
FlMiVa,761815,100
FlMiVa,342115,100
FlMiVa,122745,80.6
FlMiVa,413110,100
FlMiVa,715505,100
FlMiVa,311620,100
FlMiVa,234440,80.2
FlMiVa,374210,100
FlMiVa,312315,100
FlMiVa,318425,100
FlMiVa,391215,100
FlMiVa,234656,49.6
FlMiVa,773115,100
FlMiVa,415120,100
FlMiVa,324215,100
FlMiVa,213125,70.1
FlMiVa,811415,100
FlMiVa,862110,90.3
FlMiVa,724505,100
FlMiVa,214810,89.9
FlMiVa,318005,100
FlMiVa,253110,89.9
FlMiVa,252205,100
FlMiVa,711240,100
FlMiVa,314610,100
FlMiVa,261715,100
FlMiVa,414110,100
FlMiVa,716310,100
FlMiVa,951320,100
FlMiVa,225215,90.3
FlMiVa,213175,100
FlMiVa,612205,100
FlMiVa,123410,100
FlMiVa,214320,78.8
FlMiVa,225140,90.6
ViCaGa,214715,50
RoMa,632115,90.7
RoMa,252215,69.8
RoMa,752320,59.7
RoMa,223268,28.4
RoMa,632610,28.4
RoMa,421310,73.7
RoMa,420105,88.8
RoMa,848415,88.8
RoMa,821220,39.9
RoMa,201110,70.1
RoMa,724410,19
RoMa,517315,49.2
RoMa,254505,49.2
RoMa,919110,39.1
RoMa,513605,59.2
RoMa,374130,31.1
RoMa,763305,39.7
RoMa,725505,74.2
RoMa,241030,79.6
RoMa,515310,49.7
RoMa,342540,9.4
RoMa,761225,30.6
RoMa,322105,59
RoMa,214740,0
RoMa,411005,21.6
RoMa,716605,61.2
RoMa,411020,41.1
RoMa,516335,60.5
RoMa,913120,60.5
RoMa,992220,28.1
RoMa,715730,28.1
RoMa,214750,43.9
RoMa,724220,43.9
RoMa,862205,49.7
RoMa,766230,49.7
RoMa,203525,79.6
RoMa,723320,69.5
RoMa,722315,69.5
RoMa,251530,41.5
RoMa,766245,41.5
RoMa,422115,79.3
RoMa,860105,49.8
RoMa,311625,51.6
RoMa,632310,51.6
RoMa,376415,78.2
RoMa,423110,39.4
RoMa,262710,72.1
RoMa,841420,9.9
RoMa,720130,38.5
RoMa,318015,38.5
RoMa,332205,38.5
RoMa,832110,38.5
RoMa,424125,38.5
RoMa,223550,50.7
RoMa,761435,15.8
RoMa,711320,73
RoMa,722110,49.3
RoMa,841440,49.3
RoMa,391215,49.3
RoMa,21110,49.3
RoMa,314715,49.3
RoMa,632115,49.3
RoMa,322430,49.3
RoMa,612510,49.3
RoMa,111330,49.3
RoMa,313130,49.3
RoMa,521110,49.3
RoMa,515315,49.3
RoMa,242215,49.3
RoMa,613420,49.3
RoMa,141510,49.3
RoMa,204105,49.3
RoMa,725210,49.3
RoMa,222115,49.3
RoMa,914425,49.3
RoMa,910105,49.3
RoMa,811640,49.3
RoMa,225270,49.3
RoMa,762115,49.3
RoMa,263105,49.3
RoMa,214010,49.3
RoMa,232130,49.3
RoMa,915405,49.3
RoMa,761235,49.3
RoMa,831125,49.3
RoMa,324215,49.3
RoMa,239425,49.3
RoMa,724425,24.5
RoMa,424205,24.5
RoMa,262330,24.5
RoMa,781110,24.5
RoMa,862310,69.1
RoMa,762340,69.1
RoMa,353215,69.1
RoMa,777210,69.1
RoMa,354825,69.1
RoMa,622715,22
RoMa,848420,60.8
RoMa,762340,26.3
RoMa,620105,62.6
RoMa,632015,18
RoMa,761405,55.8
RoMa,715105,55.8
RoMa,262120,55.8
RoMa,262705,24.5
RoMa,374310,24.5
RoMa,242245,59.8
RoMa,823305,20.2
RoMa,391215,78.5
RoMa,142110,78.5
RoMa,710210,49.7
RoMa,354125,49.7
RoMa,123405,49.7
RoMa,373145,49.7
RoMa,231310,49.7
RoMa,241205,5.5
RoMa,223550,40
RoMa,231105,15.2
RoMa,841420,15.2
RoMa,732140,72
RoMa,213440,37.8
RoMa,318805,37.8
RoMa,841605,50.7
RoMa,391225,83.4
RoMa,820205,83.4
RoMa,761255,83.4
RoMa,782820,83.4
RoMa,371110,83.4
RoMa,351505,48.9
RoMa,261620,48.9
RoMa,833125,48.9
RoMa,511405,80.9
RoMa,252105,21.5
RoMa,241040,38.8
RoMa,642015,38.8
RoMa,612320,75.9
RoMa,513410,75.9
RoMa,761240,32.4
RoMa,821305,75.2
RoMa,632320,75.2
RoMa,766325,75.2
RoMa,731145,75.2
RoMa,841305,56.1
RoMa,241210,56.1
RoMa,214925,27.3
RoMa,214350,50
RoMa,763110,50
RoMa,764105,78.8
RoMa,766220,78.8
RoMa,715120,78.8
RoMa,515210,78.8
RoMa,724440,60.5
RoMa,314125,60.5
RoMa,317105,50.1
RoMa,632355,30
RoMa,342305,68.8
RoMa,414120,68.8
RoMa,203110,68.8
RoMa,422220,30.7
RoMa,782415,50.8
RoMa,111510,50.8
RoMa,841625,50.8
RoMa,241225,50.8
RoMa,725420,50.8
RoMa,223570,50.8
RoMa,225140,50.8
RoMa,811820,50.8
RoMa,831115,50.8
RoMa,341110,50.8
RoMa,142115,50.8
RoMa,722325,50.8
RoMa,342405,50.8
RoMa,782620,50.8
RoMa,342540,50.8
RoMa,841620,50.8
RoMa,521120,50.8
RoMa,375105,50.8
RoMa,915215,50.8
RoMa,251120,50.8
RoMa,254505,50.8
RoMa,311710,50.8
RoMa,342610,50.8
RoMa,374115,50.8
RoMa,353230,50.8
RoMa,341305,50.8
RoMa,122305,50.8
RoMa,715405,50.8
RoMa,233205,50.8
RoMa,953110,50.8
RoMa,722410,50.8
RoMa,214930,50.8
RoMa,740105,50.8
RoMa,517110,50.8
RoMa,352420,50.8
RoMa,314615,50.8
RoMa,632310,50.8
RoMa,632010,50.8
RoMa,823305,50.8
RoMa,234455,50.8
RoMa,510135,50.8
RoMa,313110,50.8
RoMa,411005,50.8
RoMa,224130,50.8
RoMa,848515,50.8
RoMa,623310,50.8
RoMa,374215,50.8
RoMa,791115,50.8
RoMa,752230,50.8
RoMa,214725,50.8
RoMa,342550,50.8
RoMa,203410,50.8
RoMa,752325,50.8
RoMa,214525,50.8
RoMa,723215,50.8
RoMa,783235,50.8
RoMa,623205,50.8
RoMa,711130,50.8
RoMa,251210,50.8
RoMa,242235,50.8
RoMa,742140,50.8
RoMa,810205,50.8
RoMa,391130,50.8
RoMa,111305,50.8
RoMa,760310,50.8
RoMa,992110,50.8
RoMa,231320,50.8
RoMa,632405,50.8
RoMa,511215,50.8
RoMa,721215,50.8
RoMa,622425,50.8
RoMa,412105,50.8
RoMa,823255,50.8
RoMa,519320,50.8
RoMa,760120,50.8
RoMa,519115,50.8
RoMa,377230,50.8
PaMaTa,775110,60.4
PaMaTa,732105,70.8
PaMaTa,318410,70.8
PaMaTa,254310,45.6
PaMaTa,242410,55
PaMaTa,623420,41
PaMaTa,214010,64.4
PaMaTa,717015,75.2
PaMaTa,241210,55
PaMaTa,723230,38.5
PaMaTa,773105,70.9
PaMaTa,234425,70.9
PaMaTa,752220,40.3
PaMaTa,251405,40.3
PaMaTa,772110,55.8
PaMaTa,313320,69.4
PaMaTa,842110,80.6
PaMaTa,720125,80.6
PaMaTa,761324,70.1
PaMaTa,375105,84.5
PaMaTa,721420,63.7
PaMaTa,623310,86.3
PaMaTa,514310,63.7
PaMaTa,720155,59
PaMaTa,832115,74.5
PaMaTa,630110,85.6
PaMaTa,322115,66.2
PaMaTa,223268,46.8
PaMaTa,516325,40.3
PaMaTa,764115,89.9
PaMaTa,515140,89.9
PaMaTa,225203,60.8
PaMaTa,782105,60.8
PaMaTa,225260,74.5
PaMaTa,225345,74.5
PaMaTa,760505,74.5
PaMaTa,413115,87.4
PaMaTa,142505,64.4
PaMaTa,711215,64.4
PaMaTa,752305,59.4
PaMaTa,842135,69.8
PaMaTa,631320,79.5
PaMaTa,215205,60.8
PaMaTa,751005,39.9
PaMaTa,773505,70.9
PaMaTa,715510,86
PaMaTa,223560,86
PaMaTa,214425,60.4
PaMaTa,262225,60.4
PaMaTa,225275,69.4
PaMaTa,318510,69.4
PaMaTa,772105,80.9
PaMaTa,374150,80.9
PaMaTa,622410,60.4
PaMaTa,213415,60.4
PaMaTa,352410,75.2
PaMaTa,241030,75.2
PaMaTa,992110,51.1
PaMaTa,841715,79.9
PaMaTa,764305,79.9
PaMaTa,251215,79.9
PaMaTa,821230,79.9
PaMaTa,241220,79.9
PaMaTa,848510,79.9
PaMaTa,242220,68.7
PaMaTa,424110,55.8
PaMaTa,213310,69.4
PaMaTa,715725,80.9
PaMaTa,643020,50.7
PaMaTa,711105,84.2
PaMaTa,516330,84.2
PaMaTa,782310,84.2
PaMaTa,811735,84.2
PaMaTa,214130,84.2
PaMaTa,783235,59.7
PaMaTa,223645,73
PaMaTa,420130,50.7
PaMaTa,811760,80.9
PaMaTa,415130,80.9
PaMaTa,203410,69.4
PaMaTa,214215,59.4
PaMaTa,323105,79.9
PaMaTa,213310,79.9
PaMaTa,723220,79.9
PaMaTa,234105,79.9
PaMaTa,422120,79.9
PaMaTa,142310,61.2
PaMaTa,311605,61.2
PaMaTa,841432,80.2
PaMaTa,111325,80.2
PaMaTa,725705,60.1
IvRiGu,771120,80.2
EdKrdaSi,342550,90
EdKrdaSi,233220,60.2
EdKrdaSi,820115,40.3
EdKrdaSi,741105,89.6
EdKrdaSi,828105,49.3
EdKrdaSi,213105,98.1
EdKrdaSi,232120,20.8
EdKrdaSi,514330,40
PaMaTa,710115,41.4
PaMaTa,722305,60.1
PaMaTa,213315,88.8
PaMaTa,214525,88.8
PaMaTa,234644,70.9
PaMaTa,122750,70.9
PaMaTa,823115,70.9
PaMaTa,261505,70.9
PaMaTa,782140,70.9
PaMaTa,761415,81.7
PaMaTa,214130,58.6
PaMaTa,914405,79.9
PaMaTa,311715,79.9
PaMaTa,353225,79.9
PaMaTa,811405,79.9
PaMaTa,773110,79.9
PaMaTa,833120,79.9
PaMaTa,813130,79.9
PaMaTa,841320,79.9
PaMaTa,724515,79.9
PaMaTa,723120,79.9
PaMaTa,223435,81
PaMaTa,813120,81
PaMaTa,716315,81
PaMaTa,820120,81
PaMaTa,513205,81
PaMaTa,823250,81
PaMaTa,761318,81
PaMaTa,766215,81
PaMaTa,823325,81
PaMaTa,311625,81
PaMaTa,211110,81
PaMaTa,768305,81
PaMaTa,842125,81
PaMaTa,724425,81
PaMaTa,231210,81
PaMaTa,763020,81
PaMaTa,811620,81
PaMaTa,723230,81
PaMaTa,354205,81
PaMaTa,252530,81
PaMaTa,821425,81
PaMaTa,377130,81
PaMaTa,214710,81
PaMaTa,821415,81
PaMaTa,413115,85.3
PaMaTa,234805,85.3
PaMaTa,314720,85.3
PaMaTa,725315,85.3
PaMaTa,841440,85.3
PaMaTa,317205,85.3
PaMaTa,711220,80.6
PaMaTa,841420,88.1
PaMaTa,722320,88.1
PaMaTa,202105,88.1
PaMaTa,411040,88.1
PaMaTa,514110,88.1
PaMaTa,811335,88.1
PaMaTa,354120,88.1
PaMaTa,761105,88.1
PaMaTa,741110,82.4
PaMaTa,768615,82.4
PaMaTa,780105,82.4
PaMaTa,317205,82.4
PaMaTa,211115,65.8
PaMaTa,351720,87.1
PaMaTa,351305,87.1
PaMaTa,213125,63.7
PaMaTa,233210,80.9
PaMaTa,391220,80.9
PaMaTa,314305,80.9
PaMaTa,722410,80.9
PaMaTa,762215,80.9
PaMaTa,911305,80.9
PaMaTa,841815,80.9
PaMaTa,773325,80.9
PaMaTa,222115,80.9
PaMaTa,776405,80.9
PaMaTa,261205,80.9
PaMaTa,715540,80.9
PaMaTa,862115,80.9
PaMaTa,773215,80.9
PaMaTa,351515,80.9
PaMaTa,762305,80.9
PaMaTa,421115,80.9
PaMaTa,715720,80.9
PaMaTa,913105,80.9
PaMaTa,841630,80.9
PaMaTa,377135,100
PaMaTa,862510,100
PaMaTa,811630,100
PaMaTa,773130,100
PaMaTa,524310,45
PaMaTa,631420,74.1
PaMaTa,721415,89.2
PaMaTa,232155,45.7
PaMaTa,915405,45.7
PaMaTa,234515,67.3
PaMaTa,915105,82
PaMaTa,213110,64.4
PaMaTa,514205,87.8
CaEmTodeOl,715120,50
CaEmTodeOl,773355,71.2
CaEmTodeOl,341120,80.6
CaEmTodeOl,773405,70.9
CaEmTodeOl,239410,90.3
CaEmTodeOl,791110,50.7
CaEmTodeOl,420135,90.3
CaEmTodeOl,262505,61.2
CaEmTodeOl,622510,90.7
CaEmTodeOl,742130,90.7
CaEmTodeOl,261110,90.7
CaEmTodeOl,241205,60.8
CaEmTodeOl,203215,60.8
CaEmTodeOl,234815,39.2
CaEmTodeOl,351510,69.4
CaEmTodeOl,761410,85.6
CaEmTodeOl,715205,95.3
CaEmTodeOl,354405,95.3
CaEmTodeOl,951105,60
CaEmTodeOl,841205,49.6
CaEmTodeOl,741105,96.4
CaEmTodeOl,225125,80.6
CaEmTodeOl,372105,80.6
CaEmTodeOl,612715,39.6
CaEmTodeOl,241225,89.6
CaEmTodeOl,622105,89.6
CaEmTodeOl,214225,95.4
CaEmTodeOl,234644,39.3
CaEmTodeOl,262115,70.2
CaEmTodeOl,783105,39.6
CaEmTodeOl,622210,89.6
CaEmTodeOl,223208,89.6
CaEmTodeOl,711245,59
CaEmTodeOl,354135,96.4
CaEmTodeOl,211110,96.4
CaEmTodeOl,513420,96.4
CaEmTodeOl,752405,96.4
CaEmTodeOl,770110,70.5
CaEmTodeOl,318410,70.5
CaEmTodeOl,225105,30.2
CaEmTodeOl,782320,90.6
CaEmTodeOl,261140,94.6
CaEmTodeOl,422210,94.6
CaEmTodeOl,612705,85.2
CaEmTodeOl,122105,85.2
CaEmTodeOl,422210,85.2
CaEmTodeOl,201220,85.2
CaEmTodeOl,724310,94.9
CaEmTodeOl,831120,94.9
CaEmTodeOl,761333,94.9
CaEmTodeOl,31105,49.9
CaEmTodeOl,730105,79.4
CaEmTodeOl,716405,86.2
CaEmTodeOl,214750,86.2
CaEmTodeOl,374405,40.2
CaEmTodeOl,761255,79.4
CaEmTodeOl,811105,85.5
CaEmTodeOl,225142,95.2
CaEmTodeOl,214325,65
CaEmTodeOl,20105,65
CaEmTodeOl,223815,90.2
CaEmTodeOl,251505,90.2
CaEmTodeOl,811115,90.2
CaEmTodeOl,311505,68.3
CaEmTodeOl,822115,94.6
CaEmTodeOl,141615,79.5
CaEmTodeOl,234604,95
CaEmTodeOl,722405,95
CaEmTodeOl,252310,49.7
CaEmTodeOl,821430,85.7
CaEmTodeOl,762340,85.7
CaEmTodeOl,231325,80.7
CaEmTodeOl,720105,89.3
CaEmTodeOl,223232,50.5
CaEmTodeOl,224130,95.8
CaEmTodeOl,715220,79.6
CaEmTodeOl,951320,79.6
CaEmTodeOl,761435,79.6
CaEmTodeOl,142515,39.7
CaEmTodeOl,333105,75
CaEmTodeOl,142415,95.1
CaEmTodeOl,722115,80.7
CaEmTodeOl,241035,86.1
CaEmTodeOl,631015,60.6
CaEmTodeOl,332205,81.1
CaEmTodeOl,214435,90.1
CaEmTodeOl,515325,50.2
CaEmTodeOl,910130,50.2
CaEmTodeOl,424210,95.2
CaEmTodeOl,223510,79.7
CaEmTodeOl,213310,91.2
CaEmTodeOl,352205,54.5
CaEmTodeOl,233215,74.6
CaEmTodeOl,862115,90.1
CaEmTodeOl,776420,65.3
CaEmTodeOl,517225,84.4
CaEmTodeOl,354605,90.2
CaEmTodeOl,724305,79.8
CaEmTodeOl,223635,65.8
CaEmTodeOl,234435,50.7
CaEmTodeOl,226110,80.2
CaEmTodeOl,766105,89.6
CaEmTodeOl,862160,89.6
CaEmTodeOl,251205,64.4
CaEmTodeOl,377130,59.4
CaEmTodeOl,334105,85.7
CaEmTodeOl,731325,85.7
CaEmTodeOl,763120,90.7
CaEmTodeOl,783105,90.7
CaEmTodeOl,752315,90.7
CaEmTodeOl,761430,90.7
CaEmTodeOl,261215,59
CaEmTodeOl,377245,91
CaEmTodeOl,711235,91
CaEmTodeOl,612315,55.4
CaEmTodeOl,354210,80.6
CaEmTodeOl,314110,70.9
CaEmTodeOl,848105,70.9
CaEmTodeOl,766125,95.7
CaEmTodeOl,766155,59.7
CaEmTodeOl,752315,96
CaEmTodeOl,848520,80.5
CaEmTodeOl,215130,69
CaEmTodeOl,723315,79.4
CaEmTodeOl,422320,90.9
CaEmTodeOl,214705,40.2
CaEmTodeOl,841468,95.6
CaEmTodeOl,253305,69
CaEmTodeOl,313210,69
CaEmTodeOl,211215,90.9
CaEmTodeOl,122750,90.9
CaEmTodeOl,141405,79.7
CaEmTodeOl,341310,79.7
CaEmTodeOl,203305,70
CaEmTodeOl,122715,89.1
CaEmTodeOl,225250,89.1
CaEmTodeOl,612105,89.1
CaEmTodeOl,519105,79
CaEmTodeOl,716210,70
CaEmTodeOl,516110,50.9
CaEmTodeOl,214105,44.8
CaEmTodeOl,761354,90.8
CaEmTodeOl,914425,71
CaEmTodeOl,262830,71
CaEmTodeOl,223276,61.3
CaEmTodeOl,763215,94
CaEmTodeOl,203410,60.5
CaEmTodeOl,833205,94
CaEmTodeOl,223445,69.5
CaEmTodeOl,514310,60.1
CaEmTodeOl,725225,83.8
CaEmTodeOl,223630,69.4
CaEmTodeOl,711315,89.9
CaEmTodeOl,254305,79.5
CaEmTodeOl,516610,60.4
CaEmTodeOl,731320,60.4
CaEmTodeOl,762315,90.3
CaEmTodeOl,377120,40.3
CaEmTodeOl,613310,80.9
CaEmTodeOl,233225,85.2
CaEmTodeOl,242405,60
CaEmTodeOl,331110,78.7
CaEmTodeOl,842215,84.5
CaEmTodeOl,712105,89.2
CaEmTodeOl,821325,89.2
CaEmTodeOl,763210,89.2
CaEmTodeOl,262820,39.6
CaEmTodeOl,234644,85.3
CaEmTodeOl,841464,89.3
CaEmTodeOl,225325,89.3
CaEmTodeOl,519110,70.6
CaEmTodeOl,214120,29.6
CaEmTodeOl,341240,79.6
CaEmTodeOl,811315,89
CaEmTodeOl,314615,89
CaEmTodeOl,316340,89
CaEmTodeOl,123605,71
CaEmTodeOl,781305,90.8
CaEmTodeOl,752410,90.8
CaEmTodeOl,724320,81.1
CaEmTodeOl,214230,70.3
CaEmTodeOl,422220,70.3
CaEmTodeOl,717010,80
CaEmTodeOl,239405,61.3
CaEmTodeOl,131210,81.4
CaEmTodeOl,261310,50.8
CaEmTodeOl,763310,90.7
CaEmTodeOl,261415,90.7
CaEmTodeOl,711220,90.7
CaEmTodeOl,254410,80.6
CaEmTodeOl,322605,60.5
CaEmTodeOl,225120,80.3
CaEmTodeOl,203025,40.4
CaEmTodeOl,424130,60.5
CaEmTodeOl,751010,89.6
CaEmTodeOl,862115,89.6
CaEmTodeOl,261730,50.8
CaEmTodeOl,731170,96.1
CaEmTodeOl,823265,96.1
CaEmTodeOl,712115,96.1
CaEmTodeOl,322405,64.8
CaEmTodeOl,516220,50.4
CaEmTodeOl,391135,69.8
CaEmTodeOl,224135,61.2
CaEmTodeOl,320110,79.9
CaEmTodeOl,612720,85.3
CaEmTodeOl,773125,85.3
CaEmTodeOl,848405,60.5
CaEmTodeOl,711230,90.4
CaEmTodeOl,613410,59.8
CaEmTodeOl,731305,59.8
CaEmTodeOl,523115,59.8
CaEmTodeOl,771115,79.6
CaEmTodeOl,841805,79.6
CaEmTodeOl,374410,38.6
CaEmTodeOl,811620,80.7
CaEmTodeOl,231310,30.7
CaEmTodeOl,253120,40.8
CaEmTodeOl,251305,45.8
CaEmTodeOl,752325,90
CaEmTodeOl,862105,90
CaEmTodeOl,421310,90
CaEmTodeOl,732110,60.5
CaEmTodeOl,234815,81.4
CaEmTodeOl,415305,90
CaEmTodeOl,241040,60.1
CaEmTodeOl,715505,80.6
CaEmTodeOl,623010,50
CaEmTodeOl,715505,79.5
CaEmTodeOl,721305,88.5
CaEmTodeOl,141405,70.2
CaEmTodeOl,765315,79.9
CaEmTodeOl,261530,50
CaEmTodeOl,612720,80.2
CaEmTodeOl,221205,90.6
CaEmTodeOl,516505,60.7
CaEmTodeOl,791105,92
CaEmTodeOl,213140,50.6
CaEmTodeOl,848315,80.5
CaEmTodeOl,715120,80.5
CaEmTodeOl,215215,69.7
CaEmTodeOl,823215,89.8
CaEmTodeOl,811775,80.1
CaEmTodeOl,239425,69.7
CaEmTodeOl,314715,89.8
CaEmTodeOl,342510,59.9
CaEmTodeOl,314405,59.9
CaEmTodeOl,204105,59.9
CaEmTodeOl,643020,90.8
CaEmTodeOl,232105,30.4
CaEmTodeOl,910210,74.6
CaEmTodeOl,773320,90.1
CaEmTodeOl,643025,90.1
CaEmTodeOl,712110,90.1
CaEmTodeOl,513440,61
CaEmTodeOl,643020,90.1
CaEmTodeOl,848515,59.5
CaEmTodeOl,225275,90.4
CaEmTodeOl,351505,49
CaEmTodeOl,234632,89.6
CaEmTodeOl,223264,60.1
CaEmTodeOl,325105,90.3
CaEmTodeOl,114205,60.8
CaEmTodeOl,517320,70.9
CaEmTodeOl,513225,79.5
CaEmTodeOl,720160,79.5
CaEmTodeOl,762340,86
CaEmTodeOl,515210,89.6
CaEmTodeOl,30105,59
CaEmTodeOl,234684,84.9
CaEmTodeOl,203205,45
CaEmTodeOl,516345,79.2
CaEmTodeOl,242205,69.1
CaEmTodeOl,314615,80.3
CaEmTodeOl,222205,69.9
CaEmTodeOl,241030,60.5
CaEmTodeOl,201225,79.6
CaEmTodeOl,253140,39.3
CaEmTodeOl,724215,90.7
CaEmTodeOl,251115,25.2
CaEmTodeOl,630105,74.1
CaEmTodeOl,251210,70.1
CaEmTodeOl,261530,59.3
CaEmTodeOl,513440,59.3
CaEmTodeOl,513210,80.2
CaEmTodeOl,223825,84.9
CaEmTodeOl,311405,84.9
CaEmTodeOl,225340,84.9
CaEmTodeOl,31210,61.5
CaEmTodeOl,763105,89.9
CaEmTodeOl,342105,50
CaEmTodeOl,322605,68.7
CaEmTodeOl,252510,88.8
CaEmTodeOl,341120,75.1
CaEmTodeOl,142520,56
CaEmTodeOl,513420,69.7
CaEmTodeOl,731325,60.3
CaEmTodeOl,860105,60.3
CaEmTodeOl,772105,70
CaEmTodeOl,823125,90.1
CaEmTodeOl,911105,69.6
CaEmTodeOl,114205,50.5
CaEmTodeOl,422220,50.5
CaEmTodeOl,241025,60.2
CaEmTodeOl,21210,60.2
CaEmTodeOl,513205,80
CaEmTodeOl,514320,90.8
CaEmTodeOl,848520,80.4
CaEmTodeOl,612120,89.4
CaEmTodeOl,224125,59.9
CaEmTodeOl,716540,90.8
CaEmTodeOl,201220,90.8
CaEmTodeOl,234652,90.8
CaEmTodeOl,201210,90.8
CaEmTodeOl,712120,90.8
CaEmTodeOl,766215,90.8
CaEmTodeOl,300110,69.6
CaEmTodeOl,322305,90.8
CaEmTodeOl,313220,80
CaEmTodeOl,114305,40.1
CaEmTodeOl,20115,58.4
CaEmTodeOl,720215,69.6
CaEmTodeOl,377105,38.7
CaEmTodeOl,766145,89.4
CaEmTodeOl,374425,35.4
CaEmTodeOl,262410,30.7
CaEmTodeOl,516610,80
CaEmTodeOl,414105,90.4
CaEmTodeOl,420120,79.2
CaEmTodeOl,142605,24.9
CaEmTodeOl,314125,81.7
CaEmTodeOl,352420,44.6
CaEmTodeOl,772115,91.4
CaEmTodeOl,516140,70.5
CaEmTodeOl,333115,70.5
CaEmTodeOl,422130,70.5
CaEmTodeOl,623005,50
CaEmTodeOl,711110,81.3
CaEmTodeOl,375105,35.6
CaEmTodeOl,516140,65.1
CaEmTodeOl,711110,80.6
CaEmTodeOl,613110,60.8
CaEmTodeOl,234110,80.6
CaEmTodeOl,351815,90.3
CaEmTodeOl,225140,90.3
CaEmTodeOl,762310,90.3
CaEmTodeOl,222215,90.3
CaEmTodeOl,352310,79.1
CaEmTodeOl,715525,79.1
CaEmTodeOl,318415,79.1
CaEmTodeOl,242225,60.4
CaEmTodeOl,342535,76.6
CaEmTodeOl,761005,84.5
CaEmTodeOl,213150,40.3
CaEmTodeOl,313130,69.4
CaEmTodeOl,752430,89.9
CaEmTodeOl,762310,89.9
CaEmTodeOl,203310,40.3
CaEmTodeOl,768205,79.1
CaEmTodeOl,777210,79.1
CaEmTodeOl,791145,79.1
CaEmTodeOl,262315,39.5
CaEmTodeOl,725210,80.5
CaEmTodeOl,623105,80.5
CaEmTodeOl,203120,40.6
CaEmTodeOl,715315,79.8
CaEmTodeOl,716515,79.8
CaEmTodeOl,520105,70.8
CaEmTodeOl,241220,70.8
CaEmTodeOl,262810,49.9
CaEmTodeOl,314125,79
CaEmTodeOl,111410,79
CaEmTodeOl,142120,79
LuSp,516710,70.1
LuSp,261615,80.9
LuSp,111325,39.2
LuSp,122615,58.6
LuSp,354140,63.6
LuSp,782725,56.7
LuSp,715725,17.2
LuSp,862310,63.6
LuSp,354210,30.1
LuSp,234676,22.9
LuSp,613205,29
LuSp,253220,78.6
LuSp,251225,41.2
LuSp,141725,26.8
LuSp,612405,35.4
LuSp,811710,37.9
LuSp,316320,18.4
LuSp,374130,60.5
LuSp,516410,10.5
LuSp,773505,11.6
LuSp,766250,40.4
LuSp,823255,15.9
LuSp,631020,9.8
LuSp,234644,13.8
LuSp,954110,9.5
LuSp,376240,0
LuSp,715310,6.1
LuSp,715535,7.5
LuSp,322115,3.2
LuSp,765105,14
LuSp,261810,11.8
LuSp,722225,70.5
LuSp,114405,8.3
LuSp,821230,14.8
LuSp,318405,12.6
LuSp,316110,9.4
LuSp,783230,72.3
LuSp,215125,57.2
LuSp,761357,37.1
LuSp,723120,53.3
LuSp,513115,13
LuSp,111335,5.4
LuSp,724425,7.2
LuSp,234684,0
LuSp,203410,37
LuSp,324110,30.9
LuSp,813115,52.5
LuSp,841810,77.7
LuSp,422305,83.9
EmGodeCa,313310,10
EmGodeCa,233210,20.1
EmGodeCa,716105,20.1
EmGodeCa,782415,10
EmGodeCa,991105,70.4
EmGodeCa,351705,49.5
EmGodeCa,723230,70
EmGodeCa,262310,9.9
EmGodeCa,910910,9.9
EmGodeCa,262225,9.9
EmGodeCa,411045,9.9
EmGodeCa,811510,60.6
EmGodeCa,225180,20.3
EmGodeCa,225103,20.3
EmGodeCa,372210,20.3
EmGodeCa,261620,80.7
EmGodeCa,632505,10.9
EmGodeCa,324125,10.9
EmGodeCa,214230,10.9
EmGodeCa,513435,10.9
EmGodeCa,234730,31
EmGodeCa,354210,20.9
EmGodeCa,213165,90
EmGodeCa,622415,10.1
EmGodeCa,215135,20.2
EmGodeCa,720140,20.2
EmGodeCa,631005,20.2
EmGodeCa,760305,50.4
EmGodeCa,322605,80.6
EmGodeCa,954120,10.5
EmGodeCa,420120,10.5
EmGodeCa,513415,10.5
EmGodeCa,375120,10.5
EmGodeCa,821225,10.5
EmGodeCa,821210,10.5
EmGodeCa,773415,10.5
EmGodeCa,722310,30.6
EmGodeCa,142705,50.4
EmGodeCa,725205,10.8
EmGodeCa,261730,10.8
EmGodeCa,242410,10.8
EmGodeCa,311715,19.1
EmGodeCa,262505,90
EmGodeCa,711245,9.8
EmGodeCa,519925,9.8
EmGodeCa,122725,90
EmGodeCa,725705,9.8
EmGodeCa,123105,9.8
EmGodeCa,862150,9.8
EmGodeCa,342610,29.9
EmGodeCa,848605,19.5
EmGodeCa,716310,19.5
EmGodeCa,724515,9.8
ThChSi,782105,50
ThChSi,762215,80.9
ThChSi,261425,80.9
ThChSi,141710,71.2
ThChSi,231320,11.1
ThChSi,766155,0
ThChSi,723240,10.8
ThChSi,225350,88.9
ThChSi,723305,9.8
ThChSi,141525,93.3
ThChSi,214320,7.4
ThChSi,142530,50.6
ThChSi,225285,10.7
ThChSi,215125,10.7
ThChSi,231105,65
ThChSi,321315,0
ThChSi,821245,91
ThChSi,234320,91
ThChSi,612110,0
ThChSi,862155,91.4
ThChSi,141735,91.4
ThChSi,823330,4.3
ThChSi,723240,87.8
ThChSi,414215,87.8
ThChSi,516710,81.3
ThChSi,203020,100
ThChSi,773510,0
ThChSi,223264,91.7
ThChSi,716105,8.6
ThChSi,954305,88.8
ThChSi,322135,85.9
ThChSi,612735,8.6
ThChSi,251210,89.5
ThChSi,773340,48.1
ThChSi,842120,89.5
ThChSi,761260,89.5
ThChSi,766325,89.5
ThChSi,123605,89.5
ThChSi,782305,9.3
ThChSi,760125,69.4
ThChSi,848410,50.7
ThChSi,214505,100
ThChSi,111510,39.5
ThChSi,724225,39.5
ThChSi,725415,90.6
ThChSi,377125,90.6
ThChSi,516210,10.4
ThChSi,314725,0
ThChSi,211105,90.6
ThChSi,760505,90.6
ThChSi,622515,67.9
ThChSi,353235,88.8
ThChSi,763320,11.8
ThChSi,214115,88.1
ThChSi,213305,45.3
ThChSi,225127,52.2
ThChSi,631105,0
ThChSi,262410,92.1
ThChSi,782105,85.6
ThChSi,781105,85.6
ThChSi,772110,85.6
ThChSi,782405,85.6
ThChSi,612505,85.6
knabuN,782615,30.8
knabuN,642015,90.4
knabuN,632340,90.4
knabuN,351815,20.2
knabuN,203215,5.6
knabuN,510135,19.7
knabuN,410105,21.2
knabuN,515315,5.5
knabuN,111325,60.6
knabuN,992205,29.3
knabuN,311615,89.9
knabuN,773305,10.6
knabuN,833115,90.4
knabuN,831120,90.4
knabuN,203205,5.6
knabuN,752330,40.4
knabuN,225140,30.8
knabuN,711210,96
knabuN,724115,30.8
knabuN,242215,40.9
knabuN,318610,10.6
knabuN,613305,40.4
knabuN,623110,40.4
knabuN,761240,40.4
knabuN,811125,50.5
knabuN,613125,40.9
knabuN,411005,80.8
knabuN,214010,70.7
knabuN,123110,20.2
knabuN,781105,10.6
knabuN,215130,29.8
knabuN,841310,96
knabuN,623315,70.7
knabuN,711130,70.7
knabuN,711315,70.7
knabuN,202110,8.6
knabuN,223910,10.6
knabuN,351110,10.6
knabuN,821220,90.4
knabuN,328110,11.1
knabuN,631420,90.9
knabuN,724605,90.9
knabuN,820210,60.1
knabuN,332205,4
knabuN,214750,60.1
CldeCaAr,225250,34.3
CldeCaAr,395105,10.6
CldeCaAr,514225,27.3
CldeCaAr,520105,40.4
CldeCaAr,201105,27.3
CldeCaAr,724610,27.3
CldeCaAr,141520,41.9
CldeCaAr,823210,41.9
CldeCaAr,612320,57.6
CldeCaAr,354705,57.6
CldeCaAr,371110,26.8
CldeCaAr,954205,26.8
CldeCaAr,214745,38.9
CldeCaAr,823135,21.7
CldeCaAr,341250,54
CldeCaAr,232145,54
CldeCaAr,762340,11.1
CldeCaAr,773355,62.1
CldeCaAr,951320,62.1
CldeCaAr,716210,62.1
CldeCaAr,612305,62.1
CldeCaAr,630110,62.1
CldeCaAr,254405,62.1
CldeCaAr,262220,62.1
CldeCaAr,122735,18.2
CldeCaAr,723240,55.6
CldeCaAr,213125,55.6
CldeCaAr,376310,34.4
CldeCaAr,331305,11.2
CldeCaAr,761339,11.2
CldeCaAr,811650,50.5
CldeCaAr,811505,50.5
OFMAL,722235,69.4
OFMAL,231110,69.4
OFMAL,262130,15.8
OFMAL,322110,10.8
OFMAL,213425,10.8
OFMAL,953105,10.8
OFMAL,766125,10.8
OFMAL,122305,10.8
OFMAL,821220,40
OFMAL,770110,70
OFMAL,261820,10
OFMAL,711105,10
OFMAL,213420,34
OFMAL,720160,26
OFMAL,724440,70.2
OFMAL,782725,60.4
OFMAL,254505,48.5
OFMAL,622725,24.1
OFMAL,213140,50
OFMAL,515330,60.4
OFMAL,752225,10.8
OFMAL,354605,73
OFMAL,413230,52.5
OFMAL,820115,68
OFMAL,861205,60.1
OFMAL,761105,50.4
OFMAL,223535,89.6
OFMAL,811215,14.1
OFMAL,715140,35.7
OFMAL,725610,23
OFMAL,515205,23
OFMAL,524105,20.1
OFMAL,354140,10.7
OFMAL,721325,10.7
OFMAL,225106,88.8
OFMAL,262505,22.6
OFMAL,214710,5
OFMAL,765205,10
OFMAL,375105,30.9
OFMAL,715215,18.3
OFMAL,331205,15.8
OFMAL,311410,15.8
OFMAL,252535,39.5
OFMAL,783240,88.4
OFMAL,262115,9.3
OFMAL,782710,9.3
OFMAL,142345,9.3
OFMAL,414105,70.2
OFMAL,832110,48.3
OFMAL,768605,86.8
OFMAL,725105,86.8
OFMAL,622305,86.8
OFMAL,715510,46.5
OFMAL,710120,38.6
OFMAL,811315,50.4
OFMAL,811325,50
OFMAL,761205,71.9
OFMAL,141110,71.9
OFMAL,214930,20.8
OFMAL,775120,56.4
OFMAL,811625,17.9
OFMAL,353220,71.5
OFMAL,722115,82.3
OFMAL,234770,82.3
OFMAL,225115,11.4
OFMAL,251230,9.6
OFMAL,768205,9.6
OFMAL,234705,96.3
OFMAL,761324,5.3
OFMAL,131120,94.5
OFMAL,811410,12.5
OFMAL,752325,49.6
OFMAL,413225,94.9
OFMAL,768110,94.9
OFMAL,711215,94.9
OFMAL,841105,94.9
OFMAL,341120,9.4
OFMAL,523115,9.4
OFMAL,142105,9.4
OFMAL,251305,94.2
OFMAL,141305,16.1
OFMAL,822125,59.3
OFMAL,823250,59.3
OFMAL,341245,69.8
OFMAL,820120,79.9
OFMAL,914405,79.9
OFMAL,720125,20.2
AnLeSaGr,765010,69.4
AnLeSaGr,516310,40.6
AnLeSaGr,214505,60.4
AnLeSaGr,761363,79.5
AnLeSaGr,517425,63.7
AnLeSaGr,762105,45.7
AnLeSaGr,791155,56.1
AnLeSaGr,861115,31.3
AnLeSaGr,318705,89.9
AnLeSaGr,253110,64.4
AnLeSaGr,214515,30.9
AnLeSaGr,810110,55.4
AnLeSaGr,203205,64.7
AnLeSaGr,263105,33.8
AnLeSaGr,354140,4.3
AnLeSaGr,775115,55.4
AnLeSaGr,373225,61.9
AnLeSaGr,622610,18.3
AnLeSaGr,841210,64
AnLeSaGr,723230,76.3
AnLeSaGr,30110,91.4
AnLeSaGr,524315,61.2
AnLeSaGr,201105,27.7
OFMAL,351740,10.8
OFMAL,262125,29.1
OFMAL,241030,22.3
OFMAL,519925,80.2
OFMAL,213135,91.7
OFMAL,510120,10
OFMAL,261305,89.1
OFMAL,613120,80.5
OFMAL,513325,50.3
OFMAL,213305,50.3
OFMAL,520110,8.2
OFMAL,322410,51.4
OFMAL,411025,60.4
OFMAL,300110,82
OFMAL,342110,40.3
OFMAL,954105,60.1
OFMAL,225103,19.8
OFMAL,31205,14.8
OFMAL,813110,8.3
OFMAL,213315,37.8
OFMAL,831120,44.3
OFMAL,721420,62.3
OFMAL,840115,44.3
OFMAL,411045,76.7
OFMAL,311625,80.3
OFMAL,233205,69.1
OFMAL,811405,30.6
OFMAL,239205,30.6
OFMAL,342550,0
OFMAL,263115,31.3
OFMAL,316325,0
OFMAL,848305,40.6
OFMAL,211105,30.5
OFMAL,121010,50.6
OFMAL,519905,29.4
OFMAL,848305,81.6
OFMAL,251515,30.2
OFMAL,951310,0
OFMAL,239225,38.5
OFMAL,212215,0
OFMAL,262205,41.7
OFMAL,376410,11.1
OFMAL,821310,0
OFMAL,212310,91
OFMAL,354605,80.6
OFMAL,142410,40.7
OFMAL,231310,40.7
OFMAL,631010,0
OFMAL,261605,0
OFMAL,122615,41
OFMAL,752310,34.2
OFMAL,213310,70.9
OFMAL,811130,6.9
OFMAL,342515,38.9
OFMAL,821225,38.9
OFMAL,122745,63
OFMAL,752420,60.9
OFMAL,371205,19.6
OFMAL,213440,91.9
BrVaNo,766210,72.1
BrVaNo,261605,100
BrVaNo,773505,50.5
BrVaNo,223520,100
BrVaNo,722230,38
BrVaNo,513415,100
BrVaNo,225121,62.9
BrVaNo,225285,69.2
BrVaNo,914205,51.1
BrVaNo,761348,41.7
BrVaNo,232140,100
BrVaNo,710220,70.1
BrVaNo,223645,81.8
BrVaNo,731175,49.6
BrVaNo,239430,100
BrVaNo,341320,64
BrVaNo,516215,100
BrVaNo,742105,20.9
BrVaNo,214410,100
BrVaNo,782625,84.6
BrVaNo,720140,100
BrVaNo,954105,86.3
BrVaNo,213175,58.1
BrVaNo,848325,60.3
BrVaNo,741125,100
BrVaNo,201215,81.4
BrVaNo,742125,49.3
BrVaNo,770105,100
BrVaNo,773415,90.6
BrVaNo,723315,100
BrVaNo,710105,100
BrVaNo,731305,84.1
BrVaNo,122120,51.1
BrVaNo,516220,60.1
BrVaNo,782415,31.3
BrVaNo,841210,100
BrVaNo,234652,100
BrVaNo,223232,81.8
BrVaNo,234672,41
BrVaNo,395105,48.2
BrVaNo,721110,40.6
BrVaNo,203110,60.6
BrVaNo,224110,32.7
BrVaNo,517320,71.7
BrVaNo,253120,100
BrVaNo,376110,41
BrVaNo,848105,0
BrVaNo,30305,100
BrVaNo,951315,0
BrVaNo,725605,100
BrVaNo,623115,88.4
BrVaNo,222215,74.5
BrVaNo,862160,90.3
BrVaNo,213110,100
BrVaNo,253120,61.2
BrVaNo,374105,52.7
BrVaNo,214315,100
BrVaNo,214240,80.6
BrVaNo,992115,80.6
BrVaNo,213135,100
BrVaNo,791140,59.7
BrVaNo,612110,100
BrVaNo,622620,100
BrVaNo,781105,100
BrVaNo,821220,100
BrVaNo,214105,100
BrVaNo,215135,40.3
BrVaNo,142305,40.3
BrVaNo,513410,90.6
BrVaNo,312305,81
BrVaNo,391220,100
BrVaNo,241340,100
BrVaNo,414205,59
BrVaNo,212310,100
BrVaNo,914110,81.4
BrVaNo,223228,55.9
BrVaNo,316105,42.4
BrVaNo,225115,91.8
BrVaNo,21105,49.6
BrVaNo,225130,40.3
BrVaNo,424110,40.3
BrVaNo,262820,100
BrVaNo,761360,28.1
BrVaNo,732110,100
BrVaNo,342520,100
BrVaNo,811425,77.3
BrVaNo,711235,100
BrVaNo,511510,100
BrVaNo,762215,27.3
BrVaNo,225290,100
BrVaNo,122740,42.2
BrVaNo,821230,100
BrVaNo,811610,100
BrVaNo,731205,100
BrVaNo,352405,100
BrVaNo,724315,81.1
BrVaNo,521110,71.9
BrVaNo,311620,52.2
BrVaNo,782220,99.7
BrVaNo,214010,99.7
BrVaNo,732120,63.7
BrVaNo,239205,89.7
BrVaNo,262215,31.3
BrVaNo,910210,76.6
BrVaNo,322120,59
BrVaNo,377120,86.3
BrVaNo,111310,22.3
BrVaNo,515205,48.8
BrVaNo,833125,82.7
BrVaNo,612510,100
BrVaNo,351610,100
BrVaNo,122110,75.9
BrVaNo,822125,86
BrVaNo,234115,100
BrVaNo,353230,59.4
BrVaNo,233135,95.5
BrVaNo,630105,57.9
BrVaNo,761321,71.9
BrVaNo,223220,100
BrVaNo,631320,42.4
BrVaNo,374110,100
BrVaNo,862310,79.5
BrVaNo,613410,100
BrVaNo,811335,59
BrVaNo,763125,75.8
BrVaNo,142315,100
BrVaNo,723225,78.4
BrVaNo,913115,100
BrVaNo,951315,82.4
BrVaNo,374415,72.2
BrVaNo,225310,49.6
BrVaNo,351730,52.7
BrVaNo,840105,42.4
BrVaNo,821330,100
BrVaNo,783230,100
BrVaNo,991305,100
BrVaNo,761405,100
BrVaNo,766205,100
BrVaNo,142115,100
BrVaNo,811510,62.6
BrVaNo,318815,100
BrVaNo,233115,100
BrVaNo,142345,48.9
BrVaNo,773510,40.6
BrVaNo,317210,100
BrVaNo,821230,79.1
BrVaNo,391115,100
BrVaNo,725020,100
BrVaNo,632120,100
BrVaNo,860110,100
BrVaNo,841416,100
BrVaNo,262705,100
BrVaNo,351115,18
BrVaNo,911135,79.9
BrVaNo,322505,87.9
BrVaNo,811630,87.9
BrVaNo,142340,100
BrVaNo,413210,20.1
BrVaNo,341115,86.7
BrVaNo,716515,52.8
BrVaNo,841428,100
BrVaNo,351705,100
BrVaNo,613205,49.3
BrVaNo,782620,49.3
BrVaNo,314710,87.8
BrVaNo,203405,100
BrVaNo,510305,39.6
BrVaNo,712130,50.9
BrVaNo,763315,100
BrVaNo,253125,100
BrVaNo,842135,100
BrVaNo,420115,40.6
BrVaNo,123305,40.6
BrVaNo,514205,93.3
BrVaNo,374130,27.7
BrVaNo,376310,27.7
BrVaNo,203405,34
BrVaNo,332105,63.8
BrVaNo,623125,54
BrVaNo,514310,82.2
BrVaNo,622115,82.2
BrVaNo,811115,88.8
BrVaNo,712125,68
BrVaNo,225255,45
BrVaNo,762115,100
BrVaNo,322220,44.6
BrVaNo,313205,78.8
BrVaNo,954115,97.1
BrVaNo,953110,79.5
BrVaNo,842205,100
BrVaNo,764110,100
BrVaNo,613130,55.4
BrVaNo,131210,50.6
BrVaNo,811405,100
BrVaNo,782405,60.1
BrVaNo,722105,100
BrVaNo,312310,100
BrVaNo,911105,84.5
BrVaNo,768615,100
BrVaNo,783215,100
BrVaNo,711210,100
BrVaNo,30115,30.6
BrVaNo,731105,77.7
BrVaNo,513320,82.3
BrVaNo,142410,70.1
KaCeRe,919205,0
KaCeRe,351810,50.4
KaCeRe,333110,50.4
KaCeRe,234520,78.8
KaCeRe,517315,0
KaCeRe,821245,79.9
KaCeRe,225106,0
KaCeRe,313220,52.2
KaCeRe,234612,52.2
KaCeRe,214250,52.2
LuFedeAl,214365,89.5
LuFedeAl,710125,49.6
LuFedeAl,632515,48.9
LuFedeAl,760125,70.5
LuFedeAl,225330,79.9
LuFedeAl,262235,78.5
LuFedeAl,122720,39.7
LuFedeAl,122735,90.4
LuFedeAl,761351,90.4
LuFedeAl,765205,80
LuFedeAl,848315,85.4
LuFedeAl,342305,38.6
LuFedeAl,261425,84.3
LuFedeAl,811635,70.6
LuFedeAl,721315,84.3
LuFedeAl,752415,38.3
LuFedeAl,760120,34
LuFedeAl,377145,72.1
LuFedeAl,514320,40.5
LuFedeAl,239205,21.1
LuFedeAl,422115,48.8
LuFedeAl,261130,30.8
LuFedeAl,723105,59.9
LuFedeAl,513425,49.8
LuFedeAl,261130,12
LuFedeAl,811815,30
LuFedeAl,761205,77.8
LuFedeAl,342110,68.4
LuFedeAl,351310,50.1
LuFedeAl,511405,31.4
LuFedeAl,951105,90.4
LuFedeAl,377240,50.5
LuFedeAl,620115,37.6
LuFedeAl,234632,50.9
LuFedeAl,766155,41.2
LuFedeAl,791135,59.9
LuFedeAl,711115,40.1
LuFedeAl,234628,28.2
LuFedeAl,732105,40.1
LuFedeAl,910205,60.6
LuFedeAl,413105,40.5
LuFedeAl,841730,79.7
LuFedeAl,141610,49.8
LuFedeAl,376205,49.8
LuFedeAl,354805,8.8
LuFedeAl,764005,80.7
LuFedeAl,318005,61.3
LuFedeAl,30115,35.4
LuFedeAl,322215,10.9
LuFedeAl,992120,57.3
LuFedeAl,241220,74.6
LuFedeAl,717015,18.8
LuFedeAl,516220,18.8
LuFedeAl,515120,39.7
LuFedeAl,761225,62
LuFedeAl,516325,41.5
LuFedeAl,724315,23.2
LuFedeAl,214615,42.6
LuFedeAl,373105,58.8
LuFedeAl,122720,38.3
LuFedeAl,613205,65
LuFedeAl,214725,77.9
LuFedeAl,841448,66.4
LuFedeAl,631005,39.4
LuFedeAl,622015,15.3
LuFedeAl,212215,16
LuFedeAl,760605,21.4
LuFedeAl,410205,21.4
LuFedeAl,732130,76.1
LuFedeAl,242245,46.2
LuFedeAl,234652,8.8
LuFedeAl,712125,50.2
LuFedeAl,773105,74.3
LuFedeAl,622605,64.2
LuFedeAl,622610,33.6
LuFedeAl,351710,33.6
LuFedeAl,720120,76
LuFedeAl,20110,30.7
LuFedeAl,773325,12.4
OFMAL,30115,35.6
OFMAL,841625,10.1
OFMAL,202120,84.9
OFMAL,214280,5
OFMAL,810305,12.2
OFMAL,517410,8.3
OFMAL,711235,91.7
OFMAL,415105,55.8
OFMAL,311405,69.8
VaViEs,622720,50
WaAnAr,513315,41
VaViEs,316315,79.1
WaAnAr,861110,100
VaViEs,951315,79.1
WaAnAr,342530,80.2
WaAnAr,351405,60.1
VaViEs,225151,89.9
VaViEs,318705,19.4
WaAnAr,841310,100
VaViEs,950305,50
VaViEs,234725,50
VaViEs,234656,20.8
WaAnAr,253205,89.9
VaViEs,612620,9.6
WaAnAr,777115,100
VaViEs,777105,69.3
WaAnAr,320110,85.6
VaViEs,342110,69.3
WaAnAr,354415,100
VaViEs,716515,80.1
WaAnAr,239425,40.6
VaViEs,612505,58.9
WaAnAr,225154,40.6
VaViEs,215315,78.7
WaAnAr,519945,100
VaViEs,783105,9.3
WaAnAr,214750,50.7
VaViEs,622730,50.3
WaAnAr,142210,50.7
VaViEs,519910,78
WaAnAr,766105,100
VaViEs,313205,80.5
WaAnAr,620105,90.6
WaAnAr,321205,90.6
VaViEs,318810,21.1
WaAnAr,781705,40.6
WaAnAr,410210,70.9
VaViEs,377105,89.4
WaAnAr,761215,100
VaViEs,234664,50.6
WaAnAr,768310,100
WaAnAr,622610,80.9
WaAnAr,123805,60.1
VaViEs,641015,70
VaViEs,760125,90.9
VaViEs,261510,70
VaViEs,354140,18.2
VaViEs,716305,89.4
WaAnAr,750205,60.1
ReCiMo,214120,100
VaViEs,231305,50.9
WaAnAr,761250,100
WaAnAr,991115,100
VaViEs,511505,0
WaAnAr,20205,40.3
WaAnAr,517425,40.3
WaAnAr,513315,40.3
VaViEs,262425,19.4
ReCiMo,513210,10.1
VaViEs,823330,50
WaAnAr,783205,100
WaAnAr,715225,70.5
VaViEs,301205,89.6
WaAnAr,842115,100
ReCiMo,203310,10.1
VaViEs,122605,58.7
ReCiMo,342115,0
WaAnAr,262610,0
WaAnAr,262210,0
VaViEs,720125,80.6
WaAnAr,721405,100
WaAnAr,254110,80.9
ReCiMo,811205,75.2
WaAnAr,725310,91
VaViEs,731150,62.6
VaViEs,223244,100
ReCiMo,841615,75.2
VaViEs,342545,48.9
ReCiMo,811735,75.2
VaViEs,222115,90.3
ReCiMo,519945,100
VaViEs,760115,50.4
ReCiMo,214120,100
VaViEs,766115,50.4
ReCiMo,631305,10.1
VaViEs,612810,100
ReCiMo,376325,50
VaViEs,263115,30.9
ReCiMo,768615,10.8
VaViEs,201115,51
ReCiMo,412115,100
ReCiMo,322225,100
VaViEs,724120,51
ReCiMo,911135,25.2
VaViEs,211120,51
VaViEs,911305,10.4
ReCiMo,421305,5.4
VaViEs,351105,90.3
ReCiMo,623420,100
VaViEs,204105,90.3
VaViEs,376110,70.9
ReCiMo,318120,5
VaViEs,251220,10.8
VaViEs,519920,60.4
ReCiMo,811630,49.6
VaViEs,313505,100
ReCiMo,516310,100
ReCiMo,374420,100
VaViEs,254310,51.8
ReCiMo,721210,5.4
ReCiMo,782415,100
VaViEs,241015,89.9
ReCiMo,623110,100
VaViEs,761333,40.3
VaViEs,214330,100
VaViEs,232105,29.5
VaViEs,632325,30.6
VaViEs,910105,89.6
VaViEs,318430,80.2
VaViEs,261120,100
VaViEs,342105,20.5
VaViEs,421110,69.4
VaViEs,519925,100
VaViEs,234510,100
VaViEs,314610,59.7
VaViEs,811410,91.4
VaViEs,341315,79.9
VaViEs,521140,79.9
VaViEs,723125,79.9
VaViEs,322410,79.9
VaViEs,314605,70.5
VaViEs,841464,70.5
VaViEs,262110,92.1
VaViEs,751010,31.3
VaViEs,424125,79.9
VaViEs,223435,79.9
VaViEs,234910,79.9
VaViEs,516120,70.2
VaViEs,123210,60.1
VaViEs,712135,100
VaViEs,203125,100
VaViEs,318405,31.3
VaViEs,123210,90.7
VaViEs,214415,90.7
VaViEs,201225,70.6
VaViEs,251225,80.3
VaViEs,311305,100
VaViEs,322415,80.6
VaViEs,334110,50.7
VaViEs,318210,91
VaViEs,318430,61.9
VaViEs,773510,100
VaViEs,783235,81.7
VaViEs,261120,81.7
VaViEs,313130,30.6
VaViEs,724405,82
VaViEs,782510,82
VaViEs,623010,100
VaViEs,215110,80.6
VaViEs,333110,80.6
VaViEs,261730,90.3
VaViEs,203315,50
VaViEs,214370,50
VaViEs,421210,80.2
VaViEs,516125,100
VaViEs,262815,50.4
VaViEs,841476,19.5
VaViEs,761225,100
VaViEs,519910,89.2
VaViEs,316305,100
VaViEs,752120,100
VaViEs,782720,100
VaViEs,421105,80.2
VaViEs,318505,80.2
VaViEs,142320,89.2
GiFiZe,954305,50
VaViEs,214230,70.9
VaViEs,223560,60.8
VaViEs,841720,50.7
VaViEs,730105,90.6
VaViEs,761360,90.6
VaViEs,612420,90.6
VaViEs,333115,60.4
VaViEs,811130,93.9
VaViEs,613115,93.9
VaViEs,322405,91
VaViEs,623015,49.6
VaViEs,612725,71.2
VaViEs,261505,88.5
VaViEs,252550,20.9
VaViEs,252510,81
VaViEs,710125,91.8
VaViEs,324105,91.8
VaViEs,810305,80.3
VaViEs,254305,80.3
VaViEs,766325,100
VaViEs,516125,100
VaViEs,141715,49.7
VaViEs,415215,92.5
VaViEs,374305,100
VaViEs,223605,51.1
VaViEs,261515,51.1
VaViEs,519805,28.4
VaViEs,770110,92.1
VaViEs,842225,80.6
VaViEs,511220,80.6
VaViEs,765225,100
VaViEs,239410,49.6
VaViEs,411035,49.6
VaViEs,911205,100
VaViEs,262115,69.1
VaViEs,241305,29.9
VaViEs,233130,88.2
VaViEs,223555,50.1
VaViEs,313115,50.1
VaViEs,911120,50.1
VaViEs,721220,50.1
VaViEs,234620,80
JoLideMa,848520,80.2
JoLideMa,223565,60.1
JoLideMa,214420,40.6
JoLideMa,813115,35.2
JoLideMa,342110,90.3
JoLideMa,510130,60.4
JoLideMa,515325,65.8
JoLideMa,374125,40.7
JoLideMa,225225,60.8
JoLideMa,318410,79.1
JoLideMa,766105,70.1
JoLideMa,242240,95
JoLideMa,374150,90
JoLideMa,768125,80.2
JoLideMa,717010,97.8
JoLideMa,413205,99.2
JoLideMa,613120,99.2
JoLideMa,761210,95
JoLideMa,763125,95
JoLideMa,860105,95
JoLideMa,724130,80.9
JoLideMa,261625,96.8
JoLideMa,254420,60.1
JoLideMa,716615,96.8
JoLideMa,513115,96.8
JoLideMa,111320,89.9
JoLideMa,631105,89.9
JoLideMa,766225,89.9
JoLideMa,301105,89.9
JoLideMa,773505,89.9
JoLideMa,623010,79.9
JoLideMa,225285,79.9
JoLideMa,612615,79.9
JoLideMa,517415,79.9
JoLideMa,351805,79.9
JoLideMa,413105,79.9
JoLideMa,225154,79.9
JoLideMa,352305,79.9
JoLideMa,612305,79.9
JoLideMa,722235,79.9
JoLideMa,715720,79.9
JoLideMa,991110,79.9
JoLideMa,720205,90.3
JoLideMa,913105,90.3
JoLideMa,515315,90.3
JoLideMa,317110,70.1
JoLideMa,225265,50
RoSaCo,313215,80.2
RoSaCo,710105,0
RoSaCo,524210,100
RoSaCo,761430,100
RoSaCo,373230,0
RoSaCo,223710,0
RoSaCo,131215,0
RoSaCo,142205,0
RoSaCo,791115,0
RoSaCo,262415,0
RoSaCo,225230,0
RoSaCo,300305,69.8
RoSaCo,813120,100
RoSaCo,322605,100
RoSaCo,131220,0
RoSaCo,823240,100
RoSaCo,514225,100
RoSaCo,823215,100
RoSaCo,223272,0
RoSaCo,222115,0
RoSaCo,782605,100
RoSaCo,513305,0
RoSaCo,122520,0
RoSaCo,841464,100
RoSaCo,231110,0
RoSaCo,762335,100
RoSaCo,322205,0
RoSaCo,791110,0
RoSaCo,354815,69.8
RoSaCo,723240,100
RoSaCo,811130,100
RoSaCo,211210,0
RoSaCo,214340,0
RoSaCo,141305,59.7
RoSaCo,251520,0
RoSaCo,954125,100
RoSaCo,222205,0
RoSaCo,760115,100
RoSaCo,242235,0
RoSaCo,731320,60.1
RoSaCo,841448,100
RoSaCo,241315,100
RoSaCo,622425,0
RoSaCo,632105,100
RoSaCo,318805,0
RoSaCo,312320,100
RoSaCo,848510,100
RoSaCo,784125,100
RoSaCo,242235,0
RoSaCo,716210,100
RoSaCo,841320,100
RoSaCo,715510,59.8
RoSaCo,841610,100
RoSaCo,376305,59.4
RoSaCo,262710,0
RoSaCo,203005,0
RoSaCo,741125,100
RoSaCo,252540,100
RoSaCo,722110,100
RoSaCo,515330,0
RoSaCo,142345,0
RoSaCo,223216,0
RoSaCo,311705,100
RoSaCo,313315,100
RoSaCo,765235,100
RoSaCo,513225,100
RoSaCo,212405,0
RoSaCo,123305,0
RoSaCo,241205,0
RoSaCo,214215,0
RoSaCo,422315,100
RoSaCo,911310,100
RoSaCo,622110,100
RoSaCo,312105,100
RoSaCo,514105,100
RoSaCo,342535,60.1
RoSaCo,762120,100
RoSaCo,631310,100
RoSaCo,242905,0
RoSaCo,723205,100
RoSaCo,622620,100
RoSaCo,513610,29.9
RoSaCo,632215,100
RoSaCo,316330,100
RoSaCo,766250,100
RoSaCo,840115,100
RoSaCo,20205,0
RoSaCo,823315,100
RoSaCo,203315,0
RoSaCo,111510,0
RoSaCo,225135,0
RoSaCo,623105,100
RoSaCo,622005,100
RoSaCo,331105,0
RoSaCo,760310,100
RoSaCo,763315,100
RoSaCo,712215,100
RoSaCo,811130,100
RoSaCo,242240,0
RoSaCo,632505,100
RoSaCo,141120,0
RoSaCo,213105,0
RoSaCo,782115,100
RoSaCo,782515,100
RoSaCo,862505,100
RoSaCo,782410,100
VaApdeLi,312320,90.2
VaApdeLi,919105,59.3
VaApdeLi,712115,59.3
VaApdeLi,515110,59.3
VaApdeLi,251505,52.1
VaApdeLi,373135,52.1
VaApdeLi,142205,71.5
VaApdeLi,716515,51.7
VaApdeLi,712125,51.7
VaApdeLi,342120,43.1
VaApdeLi,782705,50.7
VaApdeLi,782705,42.8
VaApdeLi,715615,60.4
VaApdeLi,318815,41
VaApdeLi,623320,58.6
VaApdeLi,848420,48.5
VaApdeLi,715105,4.6
VaApdeLi,710205,33
VaApdeLi,828110,33
VaApdeLi,862115,31.2
VaApdeLi,992105,31.2
VaApdeLi,643025,51
VaApdeLi,751105,31.9
VaApdeLi,731165,40.2
VaApdeLi,632335,31.2
VaApdeLi,777115,31.2
VaApdeLi,214330,31.2
VaApdeLi,782405,22.6
VaApdeLi,810205,30.2
VaApdeLi,991105,30.2
VaApdeLi,234445,39.2
SeCaOl,782715,100
SeCaOl,711235,49.6
SeCaOl,314205,20.1
SeCaOl,782730,70.1
SeCaOl,711235,19.4
SeCaOl,752320,29.9
SeCaOl,519915,29.9
SeCaOl,311725,29.9
SeCaOl,203225,29.9
SeCaOl,911205,29.9
SeCaOl,761210,29.9
SeCaOl,630105,50.4
SeCaOl,773330,50.4
SeCaOl,841444,79.5
SeCaOl,811605,50.7
SeCaOl,253210,50.7
SeCaOl,768115,11.2
SeCaOl,773420,80.2
SeCaOl,760405,80.2
SeCaOl,751125,10.1
SeCaOl,314315,50
SeCaOl,203210,69.8
SeCaOl,225150,10.1
SeCaOl,613215,10.1
SeCaOl,766415,48.9
SeCaOl,234310,90.3
SeCaOl,848605,9.7
FeBadaCo,203125,50
FeBadaCo,234505,50
StFldeLaFe,784120,70.1
StFldeLaFe,422115,89.9
StFldeLaFe,516805,78
StFldeLaFe,351805,100
StFldeLaFe,513210,48.6
StFldeLaFe,763315,40
StFldeLaFe,251230,81
StFldeLaFe,752415,44.4
StFldeLaFe,513320,89.4
StFldeLaFe,313215,40.4
StFldeLaFe,725310,60.2
StFldeLaFe,768610,40.8
StFldeLaFe,954305,100
StFldeLaFe,860115,65.1
StFldeLaFe,223705,68.3
StFldeLaFe,252305,100
StFldeLaFe,766105,79.9
StFldeLaFe,818105,79.9
StFldeLaFe,732135,57.2
StFldeLaFe,311625,40.3
StFldeLaFe,376410,89.2
StFldeLaFe,311305,100
StFldeLaFe,224135,79.1
StFldeLaFe,515130,41
StFldeLaFe,142505,41
StFldeLaFe,763005,90.6
StFldeLaFe,21110,100
StFldeLaFe,215215,69.8
StFldeLaFe,720135,69.8
StFldeLaFe,828110,92.1
StFldeLaFe,122710,100
StFldeLaFe,312105,100
StFldeLaFe,201105,58.9
StFldeLaFe,225106,68.3
StFldeLaFe,752215,31.2
EdFedoSa,992105,50
CaCeMaTu,821445,90.3
CaCeMaTu,716510,89.9
CaCeMaTu,751115,89.9
CaCeMaTu,214265,89.9
CaCeMaTu,715230,89.9
CaCeMaTu,612515,72.7
CaCeMaTu,991120,72.7
CaCeMaTu,623310,79.9
CaCeMaTu,715220,79.9
CaCeMaTu,716315,73.4
CaCeMaTu,252530,66.5
CaCeMaTu,911105,80.9
CaCeMaTu,771120,69.4
CaCeMaTu,421110,89.2
CaCeMaTu,622120,89.2
CaCeMaTu,716540,89.2
CaCeMaTu,716535,89.2
CaCeMaTu,763325,89.2
VaDeFe,341120,80.6
VaDeFe,710215,50
VaDeFe,821435,80.2
VaDeFe,515210,51.4
VaDeFe,762105,79.1
VaDeFe,511215,100
VaDeFe,254305,20.1
VaDeFe,766125,79.8
VaDeFe,214320,29.4
VaDeFe,31210,0.3
VaDeFe,111330,0.3
VaDeFe,223625,18.6
VaDeFe,811715,69
VaDeFe,622740,78
VaDeFe,391115,90.6
VaDeFe,517425,49.6
VaDeFe,831125,78.7
VaDeFe,225125,30.9
VaDeFe,841408,51.8
VaDeFe,212410,79.5
VaDeFe,768120,90.3
VaDeFe,511205,90.3
VaDeFe,203415,0
VaDeFe,511510,51.4
VaDeFe,724210,79.1
VaDeFe,915205,79.1
VaDeFe,848420,19.7
VaDeFe,214605,19.7
VaDeFe,862120,69.7
VaDeFe,233110,49.6
VaDeFe,377245,49.2
VaDeFe,763120,79.8
VaDeFe,213145,0
VaDeFe,341230,69.1
VaDeFe,763020,79.2
VaDeFe,214810,9.4
VaDeFe,314305,70.2
VaDeFe,252320,49
VaDeFe,768625,71.7
VaDeFe,318120,20.3
VaDeFe,262410,20.3
VaDeFe,374135,50.2
VaDeFe,513215,70.7
VaDeFe,841810,80.4
VaDeFe,342120,49.5
VaDeFe,514330,69.6
VaDeFe,234652,50.2
VaDeFe,715530,19.3
VaDeFe,341310,79.4
VaDeFe,723325,69.7
VaDeFe,319105,69.7
VaDeFe,31105,10.7
VaDeFe,262310,10.7
VaDeFe,113015,10.7
VaDeFe,622620,10.7
VaDeFe,761105,19.4
VaDeFe,232120,69.8
VaDeFe,954125,19.8
VaDeFe,716530,80.6
VaDeFe,723235,48.2
VaDeFe,516110,9.4
VaDeFe,374135,59.8
VaDeFe,225255,10.2
VaDeFe,752105,10.2
VaDeFe,341215,71
VaDeFe,261730,49.1
VaDeFe,213310,0
VaDeFe,141405,40.6
VaDeFe,214340,10.4
VaDeFe,622715,69.4
VaDeFe,234460,0
VaDeFe,761339,90.3
VaDeFe,239425,0
VaDeFe,142525,19.8
VaDeFe,516805,10.1
VaDeFe,862110,80.2
VaDeFe,131305,0
VaDeFe,773355,79.9
VaDeFe,623015,79.9
VaDeFe,234760,0
VaDeFe,782110,80.2
VaDeFe,322240,19.8
VaDeFe,632360,80.2
VaDeFe,716305,50.7
VaDeFe,517220,80.6
VaDeFe,642010,61.2
VaDeFe,523105,31.7
VaDeFe,515310,0
VaDeFe,766315,80.9
VaDeFe,234430,0
VaDeFe,848115,89.9
VaDeFe,782405,79.5
VaDeFe,253205,19.4
VaDeFe,841620,81.3
VaDeFe,410205,39.9
VaDeFe,251550,10.8
VaDeFe,763110,90.7
VaDeFe,722325,90.7
VaDeFe,320105,10.8
VaDeFe,612505,10.8
VaDeFe,122750,0
VaDeFe,725405,80.2
VaDeFe,763325,80.2
VaDeFe,715105,80.2
VaDeFe,723230,80.2
VaDeFe,318005,21.6
VaDeFe,631330,21.6
VaDeFe,231330,0
VaDeFe,821205,78.4
VaDeFe,715310,78.4
VaDeFe,821245,78.4
VaDeFe,782210,78.4
VaDeFe,771105,29.5
VaDeFe,632420,78.8
VaDeFe,234740,9.4
VaDeFe,842125,79.2
VaDeFe,318115,19.5
VaDeFe,514315,89.6
VaDeFe,623105,79.9
VaDeFe,848115,90.7
VaDeFe,761306,20.2
VaDeFe,761321,88.5
VaDeFe,631325,20.9
VaDeFe,515115,10.5
VaDeFe,224130,10.5
VaDeFe,623030,10.5
VaDeFe,612110,10.5
VaDeFe,251550,0
VaDeFe,848410,0
VaDeFe,623405,48.6
VaDeFe,516405,90.3
VaDeFe,333115,0
VaDeFe,612410,19.1
VaDeFe,766150,79.2
VaDeFe,241020,20.6
VaDeFe,223268,20.6
VaDeFe,841420,89.3
VaDeFe,377215,69.9
VaDeFe,715410,70.3
VaDeFe,202105,0
VaDeFe,142335,0
OFMAL,720140,25.2
OFMAL,766145,23.8
OFMAL,732110,23.8
MaAuGoBa,622620,40.3
MaAuGoBa,841476,0
MaAuGoBa,225130,0
MaAuGoBa,761321,64.7
MaAuGoBa,261125,48.9
MaAuGoBa,776405,30.2
MaAuGoBa,524310,0
MaAuGoBa,848410,0
MaAuGoBa,20305,80.6
MaAuGoBa,782415,10.8
MaAuGoBa,811110,90.3
MaAuGoBa,766115,60.1
MaAuGoBa,612115,0
MaAuGoBa,715730,19.8
MaAuGoBa,225250,19.8
MaAuGoBa,761110,0
MaAuGoBa,253220,90.3
MaAuGoBa,752115,37.4
MaAuGoBa,223710,37.4
MaAuGoBa,420120,90.6
ReFlCa,773505,50
ReFlCa,223276,70.5
ReFlCa,201115,20.9
ReFlCa,377115,50
ReFlCa,612110,9.7
ReFlCa,517115,79.9
ReFlCa,301110,49.6
ReFlCa,521120,49.6
ReFlCa,372115,71.2
ReFlCa,766230,71.2
ReFlCa,766215,90.3
ReFlCa,201205,90.3
ReFlCa,519310,18.3
ReFlCa,622010,18.3
ReFlCa,761820,39.6
ReFlCa,376320,61.1
ReFlCa,991115,29.5
ReFlCa,211115,71.2
ReFlCa,223655,48.9
ReFlCa,731150,48.9
OFMAL,342525,9.7
OFMAL,422130,25.2
OFMAL,514120,67.3
OFMAL,142705,78.8
OFMAL,376235,78.8
OFMAL,322225,10.8
OFMAL,262120,77
OFMAL,261510,7.6
OFMAL,632335,7.6
OFMAL,234755,80.9
OFMAL,122735,66.5
OFMAL,742125,85.3
OFMAL,632010,85.3
OFMAL,724215,85.3
OFMAL,919305,85.3
OFMAL,861120,85.3
OFMAL,821330,47.5
OFMAL,377215,80.2
OFMAL,342120,91.7
LudeSoCa,623015,50
LudeSoCa,203310,50
LudeSoCa,131120,50
LudeSoCa,724220,29.9
LudeSoCa,214740,81.7
LudeSoCa,252530,49.6
LudeSoCa,712130,79.1
LudeSoCa,312205,49.6
LudeSoCa,313320,49.6
LudeSoCa,111325,36.3
LudeSoCa,513435,100
LudeSoCa,720130,100
LudeSoCa,122515,50.4
LudeSoCa,377220,50.4
LudeSoCa,763120,58.7
LudeSoCa,992105,37.4
LudeSoCa,374120,62.9
LudeSoCa,763210,62.9
LudeSoCa,254110,60.8
LudeSoCa,777210,60.8
LudeSoCa,516305,31.3
LudeSoCa,141410,70.9
LudeSoCa,322505,39.2
LudeSoCa,415215,60.4
LudeSoCa,760105,100
LudeSoCa,122745,38.8
LudeSoCa,214810,38.8
LudeSoCa,716535,38.8
LudeSoCa,811770,38.8
LudeSoCa,821310,38.8
LudeSoCa,773210,65.1
LudeSoCa,622015,65.1
LudeSoCa,334110,28.4
LudeSoCa,841476,58.3
LudeSoCa,773330,58.3
LudeSoCa,318215,28.8
LudeSoCa,715715,28.8
LudeSoCa,354825,59.4
LudeSoCa,215130,59.4
LudeSoCa,911125,59.4
LudeSoCa,515225,59.4
LudeSoCa,214610,59.4
LudeSoCa,313215,35.6
LudeSoCa,261615,35.6
LudeSoCa,513310,25.2
LudeSoCa,842225,25.2
LudeSoCa,214280,46.8
LudeSoCa,214750,36.7
LudeSoCa,612215,36.7
LudeSoCa,841625,36.7
LudeSoCa,371110,100
LudeSoCa,715535,100
LudeSoCa,632525,83.8
LudeSoCa,632330,71.6
LudeSoCa,223293,71.6
ElLuFa,211210,50
LudeSoCa,141510,29.5
LudeSoCa,716615,29.5
LudeSoCa,773355,29.5
LudeSoCa,213175,29.5
LudeSoCa,204105,29.5
LudeSoCa,752215,29.5
LudeSoCa,723320,66.9
LudeSoCa,723215,66.9
LudeSoCa,821305,66.9
LudeSoCa,513440,54.7
FlRudeCaSo,225142,50
JoYuMoAldaSi,322230,14.4
JoYuMoAldaSi,213120,50.4
JoYuMoAldaSi,212420,0
JoYuMoAldaSi,811770,48.6
JoYuMoAldaSi,233115,48.6
JoYuMoAldaSi,122715,15.9
JoYuMoAldaSi,511510,78.5
JoYuMoAldaSi,752215,78.5
JoYuMoAldaSi,513105,64.8
JoYuMoAldaSi,323105,100
JoYuMoAldaSi,377145,39.2
JoYuMoAldaSi,751105,100
JoYuMoAldaSi,262710,100
JoYuMoAldaSi,342210,100
JoYuMoAldaSi,314715,100
JoYuMoAldaSi,242905,83.1
JoYuMoAldaSi,811635,83.1
JoYuMoAldaSi,768625,83.1
JoYuMoAldaSi,911120,100
JoYuMoAldaSi,732110,53.6
JoYuMoAldaSi,732110,70.2
JoYuMoAldaSi,213440,70.2
JoYuMoAldaSi,203225,49.3
JoYuMoAldaSi,141420,0
JoYuMoAldaSi,234320,42.8
JoYuMoAldaSi,111320,0
JoYuMoAldaSi,791130,72.7
JoYuMoAldaSi,222120,0
JoYuMoAldaSi,324215,34.2
LudeSoCa,842135,54.7
LudeSoCa,215120,54.7
LudeSoCa,225121,54.7
LudeSoCa,811005,54.7
LudeSoCa,141505,54.7
LudeSoCa,612225,54.7
LudeSoCa,225280,54.7
LudeSoCa,613305,54.7
LudeSoCa,252715,54.7
LudeSoCa,773205,54.7
LudeSoCa,351735,54.7
LudeSoCa,716305,54.7
LudeSoCa,724515,54.7
LudeSoCa,840120,54.7
LudeSoCa,840120,54.7
LudeSoCa,724120,54.7
LudeSoCa,716535,54.7
LudeSoCa,761215,54.7
LudeSoCa,775120,54.7
LudeSoCa,318805,54.7
LudeSoCa,353205,54.7
LudeSoCa,223705,54.7
LudeSoCa,722405,54.7
LudeSoCa,354825,54.7
LudeSoCa,374410,54.7
LudeSoCa,215125,54.7
LudeSoCa,223280,54.7
LudeSoCa,631005,54.7
LudeSoCa,992215,54.7
LudeSoCa,313130,54.7
LudeSoCa,313410,54.7
LudeSoCa,768105,54.7
LudeSoCa,415205,54.7
LudeSoCa,810110,54.7
LudeSoCa,715105,54.7
LudeSoCa,722410,54.7
LudeSoCa,761205,54.7
LudeSoCa,716110,54.7
LudeSoCa,318115,54.7
LudeSoCa,424205,54.7
IvBa,716310,30.2
LudeSoCa,631310,54.7
LudeSoCa,424130,54.7
LudeSoCa,631010,54.7
LudeSoCa,324115,54.7
LudeSoCa,620105,54.7
LudeSoCa,213420,54.7
LudeSoCa,841625,54.7
LudeSoCa,768205,54.7
LudeSoCa,225124,54.7
LudeSoCa,318415,54.7
LudeSoCa,766230,54.7
LudeSoCa,811310,54.7
LudeSoCa,761260,54.7
LudeSoCa,223510,54.7
LudeSoCa,773330,54.7
LudeSoCa,213410,54.7
LudeSoCa,262115,54.7
LudeSoCa,313110,54.7
LudeSoCa,321320,54.7
LudeSoCa,251505,54.7
LudeSoCa,841110,54.7
LudeSoCa,261710,54.7
LudeSoCa,811745,54.7
LudeSoCa,234905,54.7
LudeSoCa,353220,54.7
LudeSoCa,811425,54.7
LudeSoCa,715230,54.7
LudeSoCa,391125,54.7
LudeSoCa,395110,54.7
LudeSoCa,232165,54.7
LudeSoCa,783230,54.7
LudeSoCa,823230,54.7
LudeSoCa,823330,54.7
IvBa,841428,60.4
LudeSoCa,721305,54.7
LudeSoCa,773325,54.7
LudeSoCa,762325,54.7
LudeSoCa,510305,54.7
LudeSoCa,223220,54.7
LudeSoCa,223430,54.7
LudeSoCa,724420,54.7
LudeSoCa,623315,54.7
LudeSoCa,252405,54.7
LudeSoCa,261140,54.7
LudeSoCa,225121,54.7
LudeSoCa,762115,54.7
LudeSoCa,821255,54.7
LudeSoCa,391105,54.7
LudeSoCa,762310,54.7
LudeSoCa,911325,54.7
LudeSoCa,123105,54.7
IvBa,232110,10
LudeSoCa,142505,54.7
LudeSoCa,318115,54.7
LudeSoCa,214435,54.7
LudeSoCa,761815,54.7
LudeSoCa,225136,54.7
LudeSoCa,313320,54.7
LudeSoCa,234740,54.7
LudeSoCa,122610,54.7
LudeSoCa,262125,54.7
LudeSoCa,214260,54.7
LudeSoCa,722410,54.7
LudeSoCa,954305,54.7
LudeSoCa,513220,54.7
LudeSoCa,716520,54.7
LudeSoCa,234672,54.7
LudeSoCa,724105,54.7
LudeSoCa,222115,54.7
LudeSoCa,622020,54.7
LudeSoCa,832120,54.7
LudeSoCa,782120,54.7
LudeSoCa,623010,54.7
LudeSoCa,751105,54.7
LudeSoCa,612210,54.7
IvBa,821330,60.7
LudeSoCa,313320,54.7
LudeSoCa,215205,54.7
LudeSoCa,992110,54.7
LudeSoCa,511220,54.7
LudeSoCa,341325,54.7
LudeSoCa,213135,54.7
LudeSoCa,114405,54.7
LudeSoCa,252710,54.7
LudeSoCa,613410,54.7
LudeSoCa,225175,54.7
LudeSoCa,742130,54.7
LudeSoCa,234750,54.7
LudeSoCa,351905,54.7
LudeSoCa,913115,54.7
LudeSoCa,376330,54.7
LudeSoCa,720205,54.7
LudeSoCa,722325,54.7
LudeSoCa,420135,54.7
LudeSoCa,773405,54.7
LudeSoCa,782405,54.7
LudeSoCa,234450,54.7
IvBa,773505,30.1
LudeSoCa,715140,54.7
LudeSoCa,262235,54.7
LudeSoCa,711330,54.7
LudeSoCa,261610,54.7
LudeSoCa,262115,54.7
LudeSoCa,377245,54.7
LudeSoCa,821210,54.7
LudeSoCa,771105,54.7
LudeSoCa,519915,54.7
LudeSoCa,342515,54.7
LudeSoCa,215310,54.7
LudeSoCa,377205,54.7
LudeSoCa,515130,54.7
LudeSoCa,623215,54.7
LudeSoCa,840110,54.7
LudeSoCa,911115,54.7
LudeSoCa,830105,54.7
LudeSoCa,760405,54.7
LudeSoCa,516340,54.7
LudeSoCa,821445,54.7
LudeSoCa,811820,54.7
LudeSoCa,782135,54.7
IvBa,325110,40.2
LudeSoCa,516705,54.7
LudeSoCa,721215,54.7
LudeSoCa,214530,54.7
LudeSoCa,223212,54.7
LudeSoCa,214610,54.7
LudeSoCa,841320,54.7
LudeSoCa,377145,54.7
LudeSoCa,711245,54.7
LudeSoCa,122615,54.7
LudeSoCa,122515,54.7
LudeSoCa,724320,54.7
LudeSoCa,716305,54.7
LudeSoCa,782305,54.7
LudeSoCa,716205,54.7
LudeSoCa,322135,54.7
LudeSoCa,353205,54.7
LudeSoCa,351305,54.7
LudeSoCa,623115,54.7
IvBa,760305,10.3
IvBa,376325,20
IvBa,724610,10.3
IvBa,262305,90.2
IvBa,841105,0
IvBa,374215,29.9
CHRiLEdaSi,375115,50
IvBa,224110,29.9
IvBa,351740,0
IvBa,225136,80.2
IvBa,261810,0
IvBa,768205,0
IvBa,720220,10.1
CHRiLEdaSi,782205,50
IvBa,122715,20.2
IvBa,765310,10.5
CHRiLEdaSi,262420,50
IvBa,225155,29.9
IvBa,723240,0
IvBa,752330,10.1
CHRiLEdaSi,262420,50
IvBa,622020,10.1
IvBa,376240,60.1
IvBa,622730,10.1
IvBa,414215,69.8
IvBa,328110,30.2
JoYuMoAldaSi,715140,63.3
JoYuMoAldaSi,223305,85.6
JoYuMoAldaSi,724115,45.3
JoYuMoAldaSi,761240,45.3
JoYuMoAldaSi,251115,45.3
JoYuMoAldaSi,762005,45.3
JoYuMoAldaSi,766140,73.4
JoYuMoAldaSi,262410,86
JoYuMoAldaSi,516810,50
JoYuMoAldaSi,203025,0
IvBa,222105,0
JoYuMoAldaSi,203420,49.6
IvBa,842220,0
IvBa,391130,79.9
IvBa,514315,39.6
IvBa,721410,60.1
EdCaKi,716215,77.7
EdCaKi,766240,37
EdCaKi,612710,85.7
EdCaKi,353220,50
EdCaKi,915205,75.2
EdCaKi,632510,18.1
EdCaKi,262615,18.1
EdCaKi,765005,18.1
EdCaKi,751125,18.1
EdCaKi,612110,18.1
EdCaKi,516345,76.9
EdCaKi,642005,21.8
EdCaKi,234905,21.8
EdCaKi,30305,21.8
EdCaKi,342520,52.5
EdCaKi,262905,11.7
EdCaKi,251305,20.1
EdCaKi,225170,76
EdCaKi,311405,76
EdCaKi,861205,76
EdCaKi,715220,49.1
EdCaKi,725320,76
EdCaKi,241030,58.4
EdCaKi,252210,42.4
EdCaKi,214810,22.6
EdCaKi,766150,30.2
EdCaKi,622515,30.2
EdCaKi,711315,67.6
EdCaKi,225139,67.6
EdCaKi,321305,34.4
EdCaKi,766410,34.4
EdCaKi,311515,77.2
EdCaKi,954125,39
EdCaKi,766115,84.8
GlTaTe,643020,21.9
GlTaTe,234636,86.6
GlTaTe,234435,80.1
GlTaTe,761260,49.9
GlTaTe,262310,91.4
GlTaTe,782805,91.4
GlTaTe,223204,50.4
GlTaTe,223605,85.7
GlTaTe,225103,65.6
GlTaTe,261420,100
GlTaTe,214925,71.6
GlTaTe,763125,79.2
GlTaTe,122750,94.6
GlTaTe,720135,61.5
GlTaTe,421305,93.5
GlTaTe,715535,100
GlTaTe,422105,100
GlTaTe,354205,100
GlTaTe,353205,91.7
GlTaTe,252720,100
GlTaTe,766325,90.6
GlTaTe,773410,90.6
GlTaTe,861110,90.6
GlTaTe,722205,80.5
GlTaTe,212415,100
GlTaTe,413205,58.3
GlTaTe,514225,100
GlTaTe,314610,76.6
GlTaTe,622615,100
GlTaTe,848305,61.5
GlTaTe,842105,81.3
GlTaTe,768310,100
GlTaTe,781305,79.9
GlTaTe,716535,79.9
GlTaTe,203315,70.9
GlTaTe,722305,59.4
GlTaTe,318605,71.3
GlTaTe,991305,71.3
GlTaTe,740110,56.6
GlTaTe,910905,90.1
GlTaTe,424105,90.1
GlTaTe,712135,90.1
GlTaTe,223216,59.9
GlTaTe,353230,92.3
GlTaTe,841444,100
GlTaTe,841610,100
GlTaTe,821215,79.5
HeAndoPr,252540,8.3
HeAndoPr,21205,64.1
HeAndoPr,731175,30.3
HeAndoPr,823235,58.7
HeAndoPr,231305,64.5
HeAndoPr,414110,19.5
HeAndoPr,762330,68.8
HeAndoPr,313410,65.9
HeAndoPr,784125,43.2
HeAndoPr,725015,63.3
HeAndoPr,761235,60.1
HeAndoPr,841505,67.3
HeAndoPr,354605,53.6
HeAndoPr,810105,29.1
HeAndoPr,261110,25.9
HeAndoPr,861110,22.3
HeAndoPr,780105,61.9
HeAndoPr,773340,61.9
HeAndoPr,354820,56.5
HeAndoPr,231110,17.3
HeAndoPr,231205,17.3
HeAndoPr,919105,17.3
HeAndoPr,752310,67.7
HeAndoPr,761415,67.7
HeAndoPr,724320,61.6
HeAndoPr,261820,59.8
HeAndoPr,516210,21.3
HeAndoPr,413230,14.8
HeAndoPr,512105,67.7
HeAndoPr,632125,16.6
HeAndoPr,612710,64.1
HeAndoPr,811215,41.1
HeAndoPr,215130,76
HeAndoPr,773350,31.8
HeAndoPr,510130,71.7
HeAndoPr,762125,12
HeAndoPr,783205,68.8
HeAndoPr,233120,51.9
GuMedeAr,752230,100
HeAndoPr,213110,28.9
HeAndoPr,321315,25.7
GuMedeAr,811745,100
HeAndoPr,821220,37.2
HeAndoPr,784125,64.2
HeAndoPr,612810,71
HeAndoPr,721315,14.2
HeAndoPr,612320,71
HeAndoPr,643015,27.1
HeAndoPr,724310,55.2
HeAndoPr,239420,52.7
HeAndoPr,821450,18.2
HeAndoPr,391220,62.4
HeAndoPr,822115,62.4
HeAndoPr,848110,58.6
HeAndoPr,234632,52.8
HeAndoPr,374145,0.6
HeAndoPr,223310,66.1
HeAndoPr,354815,15.7
HeAndoPr,915305,49.2
HeAndoPr,731330,37.7
HeAndoPr,213410,51.4
HeAndoPr,632520,30.5
HeAndoPr,261210,7.8
HeAndoPr,262315,62.6
HeAndoPr,516505,23.4
HeAndoPr,424120,13.3
HeAndoPr,752235,13.3
HeAndoPr,641015,69.4
HeAndoPr,214360,54.3
HeAndoPr,862140,55.4
HeAndoPr,724215,59.7
HeAndoPr,231330,62.2
HeAndoPr,316340,1.4
HeAndoPr,233105,65.8
HeAndoPr,251215,13.3
HeAndoPr,374205,45
HeAndoPr,412205,29.1
HeAndoPr,784120,19.4
HeAndoPr,203125,62.6
HeAndoPr,253210,11.5
HeAndoPr,641005,39.6
HeAndoPr,316340,58.3
HeAndoPr,720130,25.9
HeAndoPr,239215,68.3
HeAndoPr,20305,9.4
HeAndoPr,524315,19.1
HeAndoPr,318305,1.4
HeAndoPr,214530,56.5
HeAndoPr,833205,35.3
HeAndoPr,711110,55
HeAndoPr,225345,21.2
HeAndoPr,234315,32
HeAndoPr,262415,23.4
HeAndoPr,214515,28.8
HeAndoPr,214730,28.8
HeAndoPr,233225,49.6
HeAndoPr,632370,7.9
HeAndoPr,239205,7.9
HeAndoPr,311110,7.9
HeAndoPr,318510,49.3
HeAndoPr,223550,49.3
HeAndoPr,842215,16.2
HeAndoPr,717020,51.1
HeAndoPr,262115,7.9
HeAndoPr,317210,42.1
HeAndoPr,332205,42.1
HeAndoPr,202110,1.4
HeAndoPr,316115,40.6
HeAndoPr,632335,40.6
HeAndoPr,414110,52.5
HeAndoPr,311115,27.3
HeAndoPr,214730,50.4
HeAndoPr,332105,26.3
HeAndoPr,215220,0.7
HeAndoPr,252310,44.2
HeAndoPr,261110,18
HeAndoPr,622615,10.1
HeAndoPr,324120,10.1
HeAndoPr,761110,41
HeAndoPr,223505,50.7
HeAndoPr,354305,4.3
HeAndoPr,312305,45.3
HeAndoPr,234644,45.3
HeAndoPr,377125,15.1
HeAndoPr,768210,0.4
HeAndoPr,213105,42.8
HeAndoPr,341245,11.5
HeAndoPr,632410,38.1
HeAndoPr,213140,44.6
HeAndoPr,251120,25.5
HeAndoPr,783235,19.4
HeAndoPr,262620,14.7
HeAndoPr,722330,29.1
HeAndoPr,766325,38.5
HeAndoPr,519305,38.5
HeAndoPr,515220,22.7
HeAndoPr,833115,44.2
HeAndoPr,261120,64.7
HeAndoPr,253130,33.1
HeAndoPr,261215,27.3
HeAndoPr,848215,33.5
HeAndoPr,234510,52.5
HeAndoPr,861105,7.6
HeAndoPr,766320,35.3
HeAndoPr,510205,50.7
HeAndoPr,768610,90.6
HeAndoPr,752115,63.3
HeAndoPr,223288,63.3
HeAndoPr,811315,34.9
HeAndoPr,519215,43.2
HeAndoPr,631010,47.8
HeAndoPr,311505,27.3
HeAndoPr,239220,27.3
HeAndoPr,721325,1.4
HeAndoPr,811770,79.1
HeAndoPr,261810,66.2
HeAndoPr,776425,66.2
HeAndoPr,914410,26.6
HeAndoPr,752230,56.8
HeAndoPr,314710,56.8
HeAndoPr,782610,56.8
HeAndoPr,341220,56.8
HeAndoPr,841725,35.6
HeAndoPr,913110,46
HeAndoPr,234664,46
HeAndoPr,761425,3.6
HeAndoPr,776415,51.4
HeAndoPr,225120,51.4
HeAndoPr,203120,33.8
HeAndoPr,114205,12.6
HeAndoPr,715130,6.5
HeAndoPr,354145,60.1
HeAndoPr,725105,27
HeAndoPr,722205,46
HeAndoPr,21210,57.9
HeAndoPr,413105,27.3
HeAndoPr,213305,60.1
HeAndoPr,211110,20.5
HeAndoPr,141520,54.7
HeAndoPr,782720,8.6
HeAndoPr,322410,8.6
HeAndoPr,710125,39.6
HeAndoPr,311715,23
HeAndoPr,262310,59.7
HeAndoPr,723215,21.9
HeAndoPr,515110,54.7
HeAndoPr,241310,65.8
HeAndoPr,725215,20.5
HeAndoPr,523115,57.6
HeAndoPr,314315,68.7
HeAndoPr,514325,33.8
HeAndoPr,253135,33.8
HeAndoPr,212210,15.1
HeAndoPr,613115,59
HeAndoPr,341110,21.6
HeAndoPr,612715,48.6
HeAndoPr,773330,69.4
HeAndoPr,612115,69.4
HeAndoPr,318510,69.4
HeAndoPr,376235,69.4
HeAndoPr,612310,0
HeAndoPr,517405,45.7
HeAndoPr,234604,2.9
HeAndoPr,254110,2.9
HeAndoPr,516110,45.7
HeAndoPr,731140,20.9
HeAndoPr,842220,55.4
HeAndoPr,766145,55.4
HeAndoPr,223530,42.4
HeAndoPr,377240,19.8
HeAndoPr,351720,6.8
HeAndoPr,782310,43.2
HeAndoPr,822125,57.2
HeAndoPr,783110,57.2
HeAndoPr,711405,31.7
JoGiRoMa,318505,50
TaMeCe,253225,100
JuCeNi,353220,79.8
JuCeNi,242205,39.9
TaMeCe,314610,100
JuCeNi,821255,83.1
TaMeCe,915305,100
JuCeNi,720145,83.1
TaMeCe,715305,50.7
JuCeNi,142340,83.1
TaMeCe,513225,100
JuCeNi,833115,21.2
JuCeNi,725610,100
TaMeCe,742130,50
JuCeNi,820205,80.6
JuCeNi,761225,80.6
JuCeNi,721430,80.6
JuCeNi,848110,100
TaMeCe,732120,80.6
JuCeNi,262210,81.7
JuCeNi,311605,71.3
TaMeCe,314705,89.6
JuCeNi,351110,100
JuCeNi,516210,90.3
JuCeNi,234415,70.2
TaMeCe,234305,88.2
JuCeNi,410220,40
JuCeNi,241210,79.6
JuCeNi,612210,69.9
TaMeCe,261420,39.6
JuCeNi,833120,100
JuCeNi,352305,100
TaMeCe,510305,39.6
JuCeNi,213410,69.8
JuCeNi,325015,69.8
JuCeNi,223252,78.8
JuCeNi,234405,78.8
TaMeCe,712220,75.9
JuCeNi,202105,78.8
TaMeCe,412110,100
JuCeNi,722225,100
JuCeNi,251520,59.4
TaMeCe,841725,55
TaMeCe,342125,84.1
TaMeCe,225139,82.7
TaMeCe,30110,58.6
TaMeCe,234760,59.3
TaMeCe,773110,23.3
TaMeCe,514105,73.3
TaMeCe,225203,100
TaMeCe,517420,75.2
TaMeCe,716310,75.2
TaMeCe,201110,75.2
TaMeCe,415210,75.2
TaMeCe,762205,75.2
CaAlKa,765310,50
ModeAvFiMaMa,763115,50
ModeAvFiMaMa,612315,50
OdVe,232140,50
OdVe,423110,50
OdVe,342510,50
OdVe,720110,50
OdVe,377135,50
OdVe,122720,50
OdVe,142310,50
OdVe,519915,50
OdVe,225285,50
OdVe,841605,50
TiRideOl,848325,25.2
TiRideOl,313320,68.7
TiRideOl,612420,79.1
TiRideOl,612735,49.2
TiRideOl,213135,22.6
TiRideOl,234410,22.6
TiRideOl,233110,43.1
TiRideOl,232160,15.4
TiRideOl,334110,24.4
TiRideOl,911315,30.2
TiRideOl,524305,30.2
TiRideOl,142605,73.7
TiRideOl,715305,79.5
TiRideOl,263115,60.4
TiRideOl,910905,18.3
TiRideOl,234652,61.1
TiRideOl,234740,69.7
TiRideOl,375120,71.9
TiRideOl,821205,71.9
TiRideOl,823325,80.9
TiRideOl,424210,70.8
TiRideOl,783235,59.6
TiRideOl,612715,70.8
TiRideOl,717025,70.8
TiRideOl,513205,49.9
TiRideOl,131210,87
TiRideOl,612735,81.6
TiRideOl,751130,81.6
TiRideOl,225275,81.6
TiRideOl,233130,56.4
TiRideOl,225220,60.4
TiRideOl,524215,60.4
TiRideOl,317115,64.7
TiRideOl,214280,91.3
TiRideOl,318405,83.7
TiRideOl,213105,83.7
TiRideOl,724125,19.3
TiRideOl,234644,19.3
TiRideOl,31105,62.8
TiRideOl,262230,62.8
TiRideOl,721315,62.8
TiRideOl,234405,91.9
TiRideOl,731105,48.7
TiRideOl,524105,76.8
TiRideOl,214615,34
TiRideOl,213415,34
TiRideOl,215145,46.9
TiRideOl,766155,46.9
TiRideOl,142110,46.9
TiRideOl,782220,20.6
TiRideOl,261410,100
TiRideOl,354150,100
TiRideOl,773220,100
TiRideOl,811405,100
TiRideOl,311305,76.6
TiRideOl,225320,76.6
TiRideOl,342610,39.2
TiRideOl,215305,47.5
TiRideOl,761366,47.5
TiRideOl,622510,52.5
TiRideOl,516105,89.9
TiRideOl,632405,40.3
TiRideOl,768115,81.7
TiRideOl,991115,59.8
TiRideOl,231335,59.8
TiRideOl,710125,22.4
TiRideOl,223835,62.3
TiRideOl,211215,38.9
TiRideOl,214335,38.9
TiRideOl,513405,27
TiRideOl,372110,27
TiRideOl,715520,42.5
TiRideOl,354825,46.8
TiRideOl,376405,37.8
TiRideOl,410105,37.8
TiRideOl,376240,37.8
TiRideOl,710210,37.8
GuPe,631015,100
GuPe,715520,10.1
GuPe,612625,39.9
GuPe,324120,80.6
GuPe,351505,100
GuPe,242210,80.2
GuPe,141610,80.2
GuPe,841615,39.6
GuPe,422310,100
GuPe,765240,100
GuPe,731145,19.4
GuPe,818110,100
GuPe,915105,100
MaDu,811305,76.3
MaDu,20110,31.3
MaDu,377110,74.8
MaDu,373225,64.7
MaDu,234720,64.7
MaDu,731140,87.4
MaDu,724110,30.2
MaDu,111505,68.7
MaDu,510130,63.7
MaDu,712110,87.8
MaDu,623015,41
MaDu,732140,53.9
MaDu,213405,35.6
MaDu,752225,75.2
MaDu,761330,75.2
MaDu,111505,75.2
MaDu,823245,69.4
MaDu,142405,69.4
MaDu,225115,85.6
MaDu,519315,40.3
MaDu,261610,40.3
MaDu,612210,84.9
MaDu,515225,84.9
MaDu,782720,84.9
MaDu,519805,61.9
MaDu,414125,79.9
MaDu,222120,33.9
MaDu,141410,71
MaDu,141415,71
MaDu,723330,45.8
MaDu,517330,78.9
MaDu,422120,88.6
MaDu,322605,30.3
MaDu,715220,70.9
MaDu,763005,83.5
MaDu,234628,59.4
MaDu,742135,29.5
MaDu,318110,29.5
MaDu,413225,89.6
MaDu,411025,89.6
MaDu,226305,32.7
MaDu,113010,32.7
MaDu,517205,59.7
MaDu,415130,98.2
MaDu,301105,92.1
MaDu,832125,87.4
MaDu,313415,87.4
MaDu,322605,59.7
MaDu,111325,80.9
MaDu,215315,70.1
MaDu,251105,43.5
MaDu,372110,96
MaDu,262235,60.4
MaDu,322230,40.3
MaDu,391220,79.5
MaDu,725215,79.5
MaDu,225139,70.2
MaDu,212405,84.9
MaDu,301110,66.2
MaDu,524310,46
ErdeAnBa,765405,80.9
ErdeAnBa,832135,38.8
ErdeAnBa,422110,83.8
ErdeAnBa,782130,49.5
ErdeAnBa,424205,88.8
ErdeAnBa,234760,29.5
ErdeAnBa,613410,0
ErdeAnBa,141405,49.6
ErdeAnBa,123705,10.1
ErdeAnBa,234632,10.1
ErdeAnBa,253130,0
ErdeAnBa,223248,8.6
ErdeAnBa,763215,20.5
ErdeAnBa,341210,93.2
ErdeAnBa,612510,67.3
ErdeAnBa,411005,32.7
ErdeAnBa,262215,50.7
ErdeAnBa,342525,9
ErdeAnBa,777105,9
ErdeAnBa,762205,42.1
ErdeAnBa,203105,87.1
ErdeAnBa,766250,5.8
ErdeAnBa,353225,80.2
ErdeAnBa,213120,45
ErdeAnBa,234515,7.2
ErdeAnBa,782715,7.2
ErdeAnBa,311110,7.2
ErdeAnBa,142335,31.7
ErdeAnBa,763005,31.7
ErdeAnBa,781110,31.7
ErdeAnBa,716530,43.2
ErdeAnBa,723125,72.3
ErdeAnBa,223224,72.3
ErdeAnBa,514325,32.7
ErdeAnBa,325105,2.9
ErdeAnBa,391215,68.7
ErdeAnBa,213430,68.7
ErdeAnBa,622415,0
ErdeAnBa,141520,63.7
ErdeAnBa,623415,31.7
ErdeAnBa,780105,31.7
ErdeAnBa,242405,74.1
ErdeAnBa,521110,3.2
ErdeAnBa,122710,3.2
ErdeAnBa,632310,3.2
ErdeAnBa,215215,82.4
ErdeAnBa,723235,30.6
NiCodaSi,513305,70.1
NiCodaSi,241010,30.3
NiCodaSi,514120,50.2
NiCodaSi,322205,39.9
NiCodaSi,225225,41
NiCodaSi,223645,41
NiCodaSi,316335,38.8
NiCodaSi,841630,80.4
NiCodaSi,512115,40.5
NiCodaSi,622720,80.4
NiCodaSi,234425,20.6
NiCodaSi,234604,20.6
NiCodaSi,516405,50.9
NiCodaSi,760105,70.1
NiCodaSi,241225,20
NiCodaSi,842105,80
NiCodaSi,517205,70
NiCodaSi,761330,85
NiCodaSi,513405,50
NiCodaSi,513225,40
NiCodaSi,261135,15
NiCodaSi,770105,10
NiCodaSi,811005,60
NiCodaSi,517205,70
NiCodaSi,992105,70
NiCodaSi,711115,80
CeAnAlKa,632350,70.1
CeAnAlKa,262825,51
CeAnAlKa,841110,51
CeAnAlKa,715220,43.4
CeAnAlKa,725010,52
CeAnAlKa,421210,71.4
CeAnAlKa,832115,78.6
CeAnAlKa,422110,50.9
CeAnAlKa,234652,21.4
CeAnAlKa,841305,68.5
CeAnAlKa,768110,96.2
CeAnAlKa,724410,96.2
CeAnAlKa,318205,90.4
CeAnAlKa,213175,58.7
CeAnAlKa,716405,18.4
CeAnAlKa,410225,48.9
CeAnAlKa,724420,44.2
CeAnAlKa,413105,67.9
CeAnAlKa,831125,80.5
CeAnAlKa,212210,76.5
CeAnAlKa,811715,52.4
CeAnAlKa,114405,68.6
CeAnAlKa,721210,29
CeAnAlKa,414125,52.4
CeAnAlKa,766115,58.9
CeAnAlKa,773350,60.3
CeAnAlKa,725225,63.2
CeAnAlKa,223208,62.5
CeAnAlKa,353210,27.2
CeAnAlKa,910115,58.9
CeAnAlKa,763315,36.6
CeAnAlKa,710215,54.2
CeAnAlKa,523105,54.2
CeAnAlKa,991120,38
CeAnAlKa,314605,43.4
CeAnAlKa,711125,38.4
CeAnAlKa,322420,63.9
CeAnAlKa,223545,66.8
CeAnAlKa,841444,35.5
CeAnAlKa,122505,50.3
CeAnAlKa,214235,18.6
CeAnAlKa,731155,31
CeAnAlKa,203310,61.6
CeAnAlKa,214320,14.8
CeAnAlKa,519305,28.5
CeAnAlKa,234668,34.3
CeAnAlKa,252305,37.9
CeAnAlKa,782410,40.8
CeAnAlKa,242405,23.9
CeAnAlKa,212420,23.9
CeAnAlKa,261415,23.9
CeAnAlKa,111320,39.7
CeAnAlKa,791155,5.2
CeAnAlKa,766140,59.5
CeAnAlKa,234765,59.5
CeAnAlKa,823235,28.2
CeAnAlKa,512110,57
CeAnAlKa,751020,48
CeAnAlKa,517315,49.1
CeAnAlKa,213210,49.1
CeAnAlKa,768120,36.2
CeAnAlKa,234910,66.8
CeAnAlKa,131205,66.8
RiJoRa,376240,70.2
RiJoRa,316330,39.2
RiJoRa,317120,49.6
RiJoRa,516210,18.7
RiJoRa,242220,39.2
RiJoRa,424115,50.7
RiJoRa,214320,80.6
RiJoRa,253205,39.6
RiJoRa,318420,50
RiJoRa,225235,29.5
RiJoRa,301110,29.5
RiJoRa,377110,50.7
RiJoRa,782810,20.5
RiJoRa,223204,30.2
RiJoRa,761363,78.4
RiJoRa,391130,38.8
RiJoRa,812105,48.2
RiJoRa,376320,29.1
RiJoRa,351415,78.4
RiJoRa,420115,78.4
RiJoRa,317205,50
RiJoRa,752310,80.6
RiJoRa,723240,80.6
RiJoRa,841484,80.6
RiJoRa,822115,80.6
RiJoRa,841315,80.6
RiJoRa,723110,58.6
RiJoRa,821215,58.6
RiJoRa,251515,20.5
RiJoRa,271105,41.7
RiJoRa,234680,41.7
RiJoRa,231305,41.7
RiJoRa,613210,41.7
RiJoRa,242210,41.7
RiJoRa,766305,69.1
RiJoRa,254105,69.1
RiJoRa,721320,79.9
RiJoRa,223244,29.1
RiJoRa,421205,89.6
RiJoRa,223405,59.7
RiJoRa,223630,39.2
RiJoRa,414120,89.9
RiJoRa,765225,60.1
RiJoRa,223820,48.6
RiJoRa,773415,70.9
RiJoRa,517325,70.9
RiJoRa,422130,48.9
RiJoRa,773335,69.1
RiJoRa,213160,29.9
RiJoRa,715305,29.9
RiJoRa,203505,29.9
RiJoRa,731320,29.9
RiJoRa,252525,71.6
RiJoRa,223710,30.6
RiJoRa,913105,30.6
RiJoRa,741125,30.6
RiJoRa,234435,20.5
RiJoRa,215220,31.7
RiJoRa,331305,31.7
RiJoRa,742120,48.9
RiJoRa,215205,39.9
RiJoRa,224105,39.9
RiJoRa,768110,59.4
RiJoRa,214710,32.7
RiJoRa,334115,32.7
RiJoRa,710220,32.7
RiJoRa,231330,59
RiJoRa,214930,47.8
RiJoRa,992115,30.2
RiJoRa,313215,19.8
RiJoRa,234616,60.4
RiJoRa,122610,31.3
RiJoRa,822110,62.9
RiJoRa,720110,39.9
RiJoRa,775120,29.1
RiJoRa,141520,78.1
RiJoRa,411015,78.1
RiJoRa,21205,10.4
RiJoRa,131225,10.4
RiJoRa,234765,28.1
RiJoRa,768130,69.4
RiJoRa,773120,69.4
RiJoRa,131315,20.1
RiJoRa,724440,70.1
RiJoRa,371305,21.2
RiJoRa,262105,21.2
RiJoRa,848420,21.2
RiJoRa,261420,89.6
RiJoRa,773130,79.1
RiJoRa,254505,20.1
RiJoRa,413220,89.6
RiJoRa,723240,77.7
RiJoRa,413105,77.7
RiJoRa,810110,30.6
RiJoRa,223525,20.1
RiJoRa,412110,78.4
RiJoRa,318705,38.8
RiJoRa,225340,30.6
RiJoRa,202105,19.4
RiJoRa,775110,60.8
RiJoRa,21205,20.1
RiJoRa,311510,38.8
RiJoRa,613305,17.6
RiJoRa,421315,69.4
RiJoRa,510115,20.1
RiJoRa,510105,20.1
RiJoRa,762305,61.9
RiJoRa,811120,61.9
RiJoRa,951105,30.6
RiJoRa,752325,30.6
RiJoRa,771110,30.6
RiJoRa,351310,41.4
RiJoRa,412205,90.3
RiJoRa,225150,10.8
RiJoRa,722415,70.1
RiJoRa,316120,29.1
RiJoRa,214605,13.7
RiJoRa,225345,13.7
RiJoRa,123405,13.7
RiJoRa,223435,13.7
RiJoRa,422115,82.7
RiJoRa,622120,82.7
RiJoRa,762105,82.7
RiJoRa,142410,12.9
RiJoRa,521125,70.9
RiJoRa,251520,12.9
RiJoRa,225185,12.9
RiJoRa,842210,70.1
RiJoRa,831125,70.1
RiJoRa,234664,32
RiJoRa,300105,11.9
RiJoRa,261420,80.9
RiJoRa,351115,60.1
RiJoRa,234648,30.9
RiJoRa,720120,30.9
RiJoRa,341215,30.9
RiJoRa,141525,30.9
RiJoRa,239225,20.1
RiJoRa,782710,20.1
RiJoRa,763120,71.6
RiJoRa,111305,11.2
RiJoRa,721225,11.2
RiJoRa,214230,11.2
RiJoRa,239435,11.2
RiJoRa,842210,70.1
RiJoRa,631205,29.1
RiJoRa,913105,19.1
RiJoRa,821335,19.1
RiJoRa,761354,70.9
RiJoRa,203210,4.3
RiJoRa,252550,20.1
RiJoRa,763325,49.6
RiJoRa,773510,70.9
RiJoRa,724610,89.2
RiJoRa,420110,60.4
AldeMeJu,262315,80.6
AldeMeJu,234210,10.1
AldeMeJu,766150,0
AldeMeJu,821220,69.8
AldeMeJu,775120,89.2
AldeMeJu,725305,70.5
AldeMeJu,241215,30.9
AldeMeJu,314405,9.4
AldeMeJu,831115,71.2
AldeMeJu,211110,10.1
AldeMeJu,632320,10.1
AldeMeJu,318505,20.5
AldeMeJu,991205,9
RaPa,203405,50
RaPa,517205,80.6
RaPa,318005,60.1
RaPa,514225,94.6
RaPa,242405,79.9
RaPa,414215,95
RaPa,391125,95
RaPa,820105,95
RaPa,510115,80.9
RaPa,716310,48.9
RaPa,632345,70.5
RaPa,810105,91.4
RaPa,142335,79.9
RaPa,768310,96.4
RaPa,782120,60.4
RaPa,142705,79.9
RaPa,214410,50.7
RaPa,782120,29.9
RaPa,622610,70.9
RaPa,322405,50
RaPa,413230,69.1
RaPa,253135,96
RaPa,630105,64
RaPa,234672,64
RaPa,223228,64
RaPa,341220,37.1
RaPa,761354,54.7
RaPa,319205,54.7
RaPa,783240,66.9
RaPa,777210,78.8
RaPa,914425,94.6
RaPa,762315,80.2
RaPa,777115,80.2
RaPa,422120,60.1
RaPa,782730,80.6
RaPa,212415,60.1
RaPa,225130,91
RaPa,511510,91
RaPa,131320,30.6
RaPa,515210,80.9
RaPa,519805,60.4
RaPa,613210,20.9
RaPa,848325,37.1
RaPa,224110,93.2
RaPa,821335,79.9
RaPa,511510,86.7
RaPa,122110,30.6
RaPa,30105,53.2
RaPa,414105,37.1
RaPa,377210,25.9
RaPa,811805,72.7
RaPa,613310,91
RaPa,233115,91
TeNo,214720,0
TeNo,322115,0
TeNo,324120,0
TeNo,122205,0
TeNo,515215,0
EuGuHo,776430,10.1
EuGuHo,30110,100
EuGuHo,234460,0
EuGuHo,722325,0
EuGuHo,731115,100
EuGuHo,783105,100
EuGuHo,766105,100
EuGuHo,377240,100
EuGuHo,214740,80.2
EuGuHo,510305,0
EuGuHo,811420,0
EuGuHo,612220,90.3
EuGuHo,241320,90.3
EuGuHo,632365,90.3
EuGuHo,823220,100
EuGuHo,521110,100
EuGuHo,513505,100
EuGuHo,261810,70.1
EuGuHo,223515,100
EuGuHo,254110,30.9
EuGuHo,823315,50
EuGuHo,223204,100
EuGuHo,234460,0
EuGuHo,411030,0
EuGuHo,214310,100
EuGuHo,352420,0
EuGuHo,750205,90.3
EuGuHo,372210,60.4
EuGuHo,203025,80.9
EuGuHo,768110,0
EuGuHo,325005,100
EuGuHo,710225,80.9
EuGuHo,203210,50
EuGuHo,261505,0
EuGuHo,848420,0
EuGuHo,761210,80.2
EuGuHo,214935,100
EuGuHo,251235,70.1
EuGuHo,782305,70.1
EuGuHo,721225,100
EuGuHo,510130,100
EuGuHo,141510,100
EuGuHo,716515,100
EuGuHo,761215,100
EuGuHo,325205,100
EuGuHo,848605,70.5
EuGuHo,203405,100
EuGuHo,225265,0
EuGuHo,715535,0
EuGuHo,721430,0
EuGuHo,720105,0
EuGuHo,782715,100
EuGuHo,141115,100
EuGuHo,519940,69.4
EuGuHo,234430,100
EuGuHo,373145,0
EuGuHo,214270,100
EuGuHo,516205,0
EuGuHo,351740,100
EuGuHo,122740,100
EuGuHo,631020,80.6
EuGuHo,782405,100
EuGuHo,225109,100
EuGuHo,225142,0
EuGuHo,631205,0
EuGuHo,261705,100
EuGuHo,612720,69.8
EuGuHo,761435,100
EuGuHo,318505,100
EuGuHo,919305,100
EuGuHo,641010,70.1
EuGuHo,374105,100
EuGuHo,742130,100
EuGuHo,722325,100
EuGuHo,262120,100
EuGuHo,752110,60.8
EuGuHo,31205,100
EuGuHo,410240,0
EuGuHo,716540,100
EuGuHo,376225,100
EuGuHo,751105,100
EuGuHo,331205,100
EuGuHo,821415,60.1
EuGuHo,410205,100
EuGuHo,821245,100
EuGuHo,422210,100
EuGuHo,214410,100
EuGuHo,811605,0
EuGuHo,234740,100
EuGuHo,314705,0
EuGuHo,214725,100
EuGuHo,223220,19.4
EuGuHo,761820,0
EuGuHo,261730,100
EuGuHo,919205,60.4
EuGuHo,421305,60.4
EuGuHo,311410,100
EuGuHo,715215,100
EuGuHo,992210,100
EuGuHo,911315,100
EuGuHo,131220,60.1
EuGuHo,811330,0
EuGuHo,992105,100
EuGuHo,261410,100
EuGuHo,761342,80.2
EuGuHo,524310,100
EuGuHo,715725,100
EuGuHo,413105,100
EuGuHo,239420,100
EuGuHo,223635,100
EuGuHo,316340,0
EuGuHo,225103,100
EuGuHo,725025,0
EuGuHo,717010,60.4
EuGuHo,342540,100
EuGuHo,841432,60.4
EuGuHo,325005,100
EuGuHo,848520,70.1
EuGuHo,300305,100
EuGuHo,213135,60.4
EuGuHo,318120,0
EuGuHo,763215,60.1
EuGuHo,201210,100
EuGuHo,631320,100
EuGuHo,131115,100
EuGuHo,721405,100
EuGuHo,422120,100
EuGuHo,782415,100
EuGuHo,791110,100
EuGuHo,765225,100
EuGuHo,910910,100
EuGuHo,725610,69.5
EuGuHo,322415,100
EuGuHo,513210,59
EuGuHo,342535,100
EuGuHo,811430,100
EuGuHo,823105,100
EuGuHo,773410,100
EuGuHo,252530,100
EuGuHo,513415,100
EuGuHo,831105,100
EuGuHo,842125,100
EuGuHo,761110,100
EuGuHo,225335,100
EuGuHo,223425,59.7
EuGuHo,377220,59.7
EuGuHo,524205,70.1
EuGuHo,772110,100
EuGuHo,312305,100
EuGuHo,214335,100
EuGuHo,223815,0
EuGuHo,613110,0
EuGuHo,841720,100
EuGuHo,840120,100
EuGuHo,213115,100
EuGuHo,752330,0
EuGuHo,242225,100
EuGuHo,842110,0
EuGuHo,234620,100
EuGuHo,131215,70.1
EuGuHo,374215,70.1
EuGuHo,212320,70.1
EuGuHo,224105,70.1
EuGuHo,214345,70.1
EuGuHo,841432,0
