uf,codemun,regiao_metro,ano,cbo2002,Job_Zone,empregados,renda
AC,120001,,1995,223505,4,5,6786
AC,120001,,1995,231210,4,27.083333333,675092.47135
AC,120001,,1995,232115,4,1,173.7
AC,120001,,1995,254415,3,2,2232
AC,120001,,1995,321105,3,2.4833333333,3900.8082042
AC,120001,,1995,413110,3,1.4166666667,540.971875
AC,120001,,1995,421310,3,3,4244.4
AC,120001,,1995,512105,2,0.325,3.08953125
AC,120001,,1995,514225,2,33.375,1591101.9382
AC,120001,,1995,521110,2,0.5833333333,17.864583333
AC,120001,,1995,632120,3,0.975,54.218104688
AC,120001,,1995,715135,2,3.325,2845.8656297
AC,120001,,1995,772115,2,3.4416666667,2183.9685219
AC,120001,,1995,782305,2,5.475,9202.4819719
AC,120001,,1995,992115,3,0.325,3.08953125
AC,120001,,1996,223505,4,3,1701
AC,120001,,1996,231210,4,20.375,322430.09625
AC,120001,,1996,254415,3,2,2427.84
AC,120001,,1996,262830,4,1,189
AC,120001,,1996,321105,3,2.1666666667,2828.215
AC,120001,,1996,413110,3,0.9916666667,390.74624313
AC,120001,,1996,421310,3,3,2540.16
AC,120001,,1996,512105,2,1,108
AC,120001,,1996,514225,2,39.333333333,1805518.7316
AC,120001,,1996,517410,2,1,113.4
AC,120001,,1996,521110,2,9.0583333333,37222.510786
AC,120001,,1996,632120,3,0.575,22.257675
AC,120001,,1996,642015,2,0.325,7.414875
AC,120001,,1996,715135,2,3.9083333333,4299.3505538
AC,120001,,1996,772115,2,9.2916666667,25104.219425
AC,120001,,1996,773340,2,0.4083333333,14.706125
AC,120001,,1996,782305,2,5.9666666667,8889.30647
AC,120001,,1996,784115,2,0.5333333333,24.24832
AC,120001,,1996,992115,3,1,108
AC,120001,,1997,223103,,0.9083333333,750.95693988
AC,120001,,1997,223505,4,3,1767.04
AC,120001,,1997,231210,4,33.808333333,1635389.8963
AC,120001,,1997,231305,4,0.575,22.306166667
AC,120001,,1997,254415,3,0.8333333333,179.5308642
AC,120001,,1997,262830,4,1,191.25333333
AC,120001,,1997,411005,3,1,226.45333333
AC,120001,,1997,413110,3,0.9916666667,457.69750617
AC,120001,,1997,421310,3,2.5833333333,2925.2958642
AC,120001,,1997,512105,2,1,119.68
AC,120001,,1997,514225,2,48.433333333,3105221.8582
AC,120001,,1997,521110,2,1.6583333333,493.50590123
AC,120001,,1997,632125,3,0.475,12.574833333
AC,120001,,1997,715135,2,2.6666666667,3179.6464198
AC,120001,,1997,772115,2,11.083333333,203919.53253
AC,120001,,1997,773125,2,0.1583333333,0.9314691358
AC,120001,,1997,773340,2,1.575,412.81086
AC,120001,,1997,782305,2,10.041666667,53036.731574
AC,120001,,1997,848510,2,9.9083333333,20095.651957
AC,120001,,1998,231210,4,30.2,2683039.9632
AC,120001,,1998,231335,4,3.7833333333,6005.4850963
AC,120001,,1998,251605,5,5,4522
AC,120001,,1998,254415,3,1.3,425.55858704
AC,120001,,1998,322230,3,1.825,762.23018437
AC,120001,,1998,413110,3,2.9,2562.50815
AC,120001,,1998,421310,3,1,181.13333333
AC,120001,,1998,422105,3,2,998.13333333
AC,120001,,1998,514225,2,39.141666667,1617746.8394
AC,120001,,1998,514320,2,0.4833333333,16.161476235
AC,120001,,1998,517420,2,0.9916666667,164.28999973
AC,120001,,1998,521110,2,2.2416666667,716.6652662
AC,120001,,1998,521135,2,0.5416666667,31.806491127
AC,120001,,1998,632125,3,3,3625.2
AC,120001,,1998,715135,2,5.65,10069.007558
AC,120001,,1998,771105,3,2.125,666.36114988
AC,120001,,1998,773125,2,0.3333333333,9.3827160494
AC,120001,,1998,773335,2,0.4916666667,18.06574537
AC,120001,,1998,773340,2,0.4916666667,18.06574537
AC,120001,,1998,773415,2,1,150.73333333
AC,120001,,1998,782305,2,11.033333333,50838.198107
AC,120001,,1998,848510,2,15.758333333,241888.12606
AC,120001,,2000,142105,5,1,293.72
AC,120001,,2000,231210,4,52.825,16918144.121
AC,120001,,2000,251605,5,10,55674.9
AC,120001,,2000,254405,3,2,1035.98
AC,120001,,2000,410205,3,1,225.39
AC,120001,,2000,411005,3,1,238.94
AC,120001,,2000,413110,3,1.4916666667,757.86797673
AC,120001,,2000,517420,2,0.9833333333,239.62075898
AC,120001,,2000,521110,2,22,662475.38
AC,120001,,2000,521135,2,0.9916666667,111.31405995
AC,120001,,2000,623110,3,1.6166666667,328.52013889
AC,120001,,2000,632125,3,7.0583333333,19127.752804
AC,120001,,2000,641010,2,3,3525.75
AC,120001,,2000,641015,2,0.4916666667,23.770717593
AC,120001,,2000,773110,2,0.4083333333,27.233564815
AC,120001,,2000,773125,2,1,269.33
AC,120001,,2000,773415,2,3.7916666667,23226.815249
AC,120001,,2000,782305,2,12.8,154850.78028
AC,120001,,2000,848510,2,49.725,10472967.136
AC,120001,,2000,991205,3,1,147.25
AC,120001,,2000,991405,,25,1398065.25
AC,120001,,2001,231210,4,52.333333333,17642727.594
AC,120001,,2001,251550,4,1,172.75
AC,120001,,2001,252105,4,0.7916666667,128.25893374
AC,120001,,2001,352210,3,1,226.35
AC,120001,,2001,411005,3,1.4,793.4276
AC,120001,,2001,412105,3,2,2150.92
AC,120001,,2001,413110,3,3.5166666667,3480.581952
AC,120001,,2001,421310,3,1,230.23
AC,120001,,2001,422105,3,1,900
AC,120001,,2001,514225,2,54.408333333,5684445.4201
AC,120001,,2001,514320,2,0.9916666667,183.09525593
AC,120001,,2001,517420,2,1,434.99
AC,120001,,2001,521110,2,1,517.06
AC,120001,,2001,521135,2,0.575,55.133619844
AC,120001,,2001,623110,3,2.4,1235.30592
AC,120001,,2001,632125,3,1,270
AC,120001,,2001,642015,2,0.9,171.67615938
AC,120001,,2001,715145,2,1,200
AC,120001,,2001,771105,3,0.325,6.1790625
AC,120001,,2001,773110,2,0.5833333333,79.398148148
AC,120001,,2001,773125,2,1.075,431.51171875
AC,120001,,2001,773335,2,0.9833333333,218.16571286
AC,120001,,2001,773415,2,4.6333333333,44140.856249
AC,120001,,2001,782305,2,9.9,98039.873938
AC,120001,,2001,848510,2,77.925,53665635.758
AC,120001,,2001,862150,3,1.25,506.77734375
AC,120001,,2002,223208,5,0.4833333333,289.51775417
AC,120001,,2002,231210,4,86.575,167596345.28
AC,120001,,2002,239410,5,2.725,10867.84202
AC,120001,,2002,254415,3,2,2756.52
AC,120001,,2002,261305,5,5.8333333333,67185.309317
AC,120001,,2002,351505,3,3.9666666667,16250.304034
AC,120001,,2002,352210,3,14.216666667,208730.23856
AC,120001,,2002,411005,3,3.0666666667,7818.2066985
AC,120001,,2002,413110,3,4.6416666667,11070.566304
AC,120001,,2002,514225,2,92.883333333,35469070.654
AC,120001,,2002,514320,2,1,255.98
AC,120001,,2002,517410,2,0.2416666667,3.1050810185
AC,120001,,2002,517420,2,2.0583333333,6101.4825512
AC,120001,,2002,521110,2,1,581.42
AC,120001,,2002,521135,2,1,285.7
AC,120001,,2002,620115,3,1.075,479.584375
AC,120001,,2002,621005,3,0.5416666667,28.636731771
AC,120001,,2002,623110,3,3.875,3809.7658577
AC,120001,,2002,623125,3,0.1666666667,0.9861111111
AC,120001,,2002,632125,3,5.4833333333,5960.2562963
AC,120001,,2002,641015,2,1.0583333333,220.30512215
AC,120001,,2002,642015,2,2.4,4872.4
AC,120001,,2002,715145,2,1,210.69
AC,120001,,2002,724230,3,0.9833333333,190.16574074
AC,120001,,2002,768325,2,0.4916666667,32.014402454
AC,120001,,2002,771105,3,1,324.99
AC,120001,,2002,773120,2,0.475,47.239219063
AC,120001,,2002,773125,2,3.2166666667,5775.9895045
AC,120001,,2002,773325,2,0.4666666667,39.118260741
AC,120001,,2002,773335,2,2,1428.22
AC,120001,,2002,773415,2,7.6416666667,170344.69074
AC,120001,,2002,782305,2,18.683333333,602545.84838
AC,120001,,2002,848510,2,84.291666667,60065538.738
AC,120001,,2002,911305,3,5.3916666667,63791.686716
AC,120001,,2002,991205,3,1.15,961.14737375
AC,120001,,2003,141110,3,1.8166666667,2627.8734306
AC,120001,,2003,141415,4,1.325,1181.7920953
AC,120001,,2003,141705,4,0.5166666667,595.28900301
AC,120001,,2003,142415,,1,451.33
AC,120001,,2003,223208,5,1,2533.32
AC,120001,,2003,231210,4,117.29166667,722783139.97
AC,120001,,2003,239410,5,4,44535.68
AC,120001,,2003,251605,5,4,29814.08
AC,120001,,2003,254415,3,2,1449.3
AC,120001,,2003,334110,,5.9333333333,36755.086253
AC,120001,,2003,351505,3,9.15,167180.43925
AC,120001,,2003,352210,3,23.816666667,1140215.1763
AC,120001,,2003,411005,3,4.5416666667,23096.180265
AC,120001,,2003,411010,3,0.1666666667,5.4184722222
AC,120001,,2003,412105,3,10,345540
AC,120001,,2003,412205,3,9.9333333333,215824.34005
AC,120001,,2003,413110,3,2,7554.16
AC,120001,,2003,413210,3,6.95,51107.707476
AC,120001,,2003,413225,3,0.7166666667,939.69912241
AC,120001,,2003,421125,2,1.4,650.88426667
AC,120001,,2003,422110,3,0.2333333333,3.0638792593
AC,120001,,2003,511215,2,1.8833333333,2798.4416257
AC,120001,,2003,512105,2,2.6583333333,3796.6213287
AC,120001,,2003,513205,2,0.4916666667,29.951104167
AC,120001,,2003,514225,2,101.28333333,47970846.448
AC,120001,,2003,514320,2,4.35,11131.318385
AC,120001,,2003,514325,3,2,1840
AC,120001,,2003,517420,2,6.65,35977.419621
AC,120001,,2003,521110,2,8.6916666667,77577.580137
AC,120001,,2003,521125,2,10.408333333,206035.77938
AC,120001,,2003,521130,2,1.6166666667,418.06128347
AC,120001,,2003,521135,2,1,381.5
AC,120001,,2003,621005,3,1.8833333333,890.47473442
AC,120001,,2003,623110,3,3,5097.96
AC,120001,,2003,623115,3,1,458.18
AC,120001,,2003,632110,3,0.9,146.224375
AC,120001,,2003,632120,3,4.0333333333,13767.297555
AC,120001,,2003,632515,3,13.316666667,505747.23178
AC,120001,,2003,641010,2,1.0833333333,374.16392361
AC,120001,,2003,641015,2,0.4333333333,26.760273704
AC,120001,,2003,642010,,2,7286.36
AC,120001,,2003,642015,2,1.4333333333,617.23078713
AC,120001,,2003,710205,3,2.1416666667,2376.3583245
AC,120001,,2003,715145,2,1,237.9
AC,120001,,2003,715210,3,0.0916666667,0.2772916667
AC,120001,,2003,717020,2,2.95,3594.1325
AC,120001,,2003,721210,3,6.5166666667,137332.64645
AC,120001,,2003,762345,,1.1666666667,476.38888889
AC,120001,,2003,768325,2,1,322.17
AC,120001,,2003,771105,3,1,383.32
AC,120001,,2003,772105,2,4.3916666667,30257.769027
AC,120001,,2003,773105,2,6.6583333333,63920.407143
AC,120001,,2003,773110,2,1,230
AC,120001,,2003,773120,2,2.4916666667,2164.1429387
AC,120001,,2003,773125,2,3.1833333333,6417.7066063
AC,120001,,2003,773130,2,1.9166666667,2321.0598275
AC,120001,,2003,773325,2,0.0916666667,0.2680486111
AC,120001,,2003,773335,2,1,591.97
AC,120001,,2003,773345,2,1.9916666667,4469.8111377
AC,120001,,2003,782305,2,19.308333333,560640.27526
AC,120001,,2003,782310,2,2.1666666667,1602.8506481
AC,120001,,2003,782405,,0.575,45.62625
AC,120001,,2003,782510,2,0.4916666667,31.041887153
AC,120001,,2003,783210,2,13.791666667,416768.2994
AC,120001,,2003,821205,2,2,2200.68
AC,120001,,2003,828110,3,9.4666666667,69452.293444
AC,120001,,2003,832110,3,7.8083333333,132395.37277
AC,120001,,2003,841615,2,1.4166666667,717.88402778
AC,120001,,2003,848510,2,3.2333333333,3373.3474444
AC,120001,,2003,862120,3,2.4083333333,5167.6588726
AC,120001,,2003,862150,3,3.7083333333,22161.214774
AC,120001,,2003,991205,3,0.3166666667,7.6211111111
AC,120001,,2003,992225,,1.9,823.08
AC,120001,,2004,141110,3,0.3825136612,52.386176229
AC,120001,,2004,141205,4,1.412568306,1452.9451764
AC,120001,,2004,141415,4,3.1666666667,25514.398315
AC,120001,,2004,141705,4,1.3743169399,6439.4634008
AC,120001,,2004,142105,5,0.8306010929,474.63486502
AC,120001,,2004,142415,,1,464.05
AC,120001,,2004,223208,5,1,2944.44
AC,120001,,2004,231210,4,137.85245902,833422372.01
AC,120001,,2004,239410,5,4,62342.08
AC,120001,,2004,251605,5,4,26636.64
AC,120001,,2004,254415,3,2,1287.26
AC,120001,,2004,334110,,5.9043715847,34482.083509
AC,120001,,2004,351425,3,1.6612021858,1125.599259
AC,120001,,2004,351505,3,13.142076503,393955.09687
AC,120001,,2004,352210,3,24.885245902,1503989.1418
AC,120001,,2004,411005,3,5.262295082,63540.40793
AC,120001,,2004,412105,3,10,371484
AC,120001,,2004,412205,3,28.032786885,2598248.4204
AC,120001,,2004,413110,3,2,6907.08
AC,120001,,2004,413210,3,1.0327868852,2523.6816465
AC,120001,,2004,413225,3,0.5327868852,395.61645877
AC,120001,,2004,421125,2,7.8715846995,82239.250416
AC,120001,,2004,422110,3,1.4098360656,428.5452659
AC,120001,,2004,511215,2,5.3333333333,12011.557939
AC,120001,,2004,511220,2,2,3446.72
AC,120001,,2004,512105,2,4.0054644809,4902.8323507
AC,120001,,2004,513205,2,1.0628415301,171.54706867
AC,120001,,2004,513435,2,0.2486338798,4.6110748868
AC,120001,,2004,514225,2,93.827868852,53611132.081
AC,120001,,2004,514320,2,6.7759562842,40493.249668
AC,120001,,2004,514325,3,1.193989071,427.52241413
AC,120001,,2004,517420,2,7.3907103825,59215.998719
AC,120001,,2004,521110,2,17.234972678,623531.18949
AC,120001,,2004,521125,2,18.893442623,785211.85938
AC,120001,,2004,521130,2,1.5765027322,467.48599433
AC,120001,,2004,521135,2,1.6639344262,2476.0267185
AC,120001,,2004,621005,3,1.8770491803,1171.0117094
AC,120001,,2004,622005,,1.3224043716,303.30368061
AC,120001,,2004,623110,3,4.3224043716,9998.9453874
AC,120001,,2004,623115,3,1,506.66
AC,120001,,2004,632110,3,1.1721311475,493.7708773
AC,120001,,2004,632120,3,1.762295082,1055.5811606
AC,120001,,2004,632515,3,10.871584699,281996.70279
AC,120001,,2004,641010,2,1,762.12
AC,120001,,2004,642010,,0.8114754098,168.2735251
AC,120001,,2004,642015,2,1.5519125683,1105.5504054
AC,120001,,2004,710205,3,1.4371584699,450.31810439
AC,120001,,2004,715210,3,0.8333333333,950.30253871
AC,120001,,2004,715505,2,0.5027322404,60.401434556
AC,120001,,2004,717020,2,0.1120218579,0.3542491809
AC,120001,,2004,721210,3,3,14507.64
AC,120001,,2004,721320,2,0.7486338798,131.37217845
AC,120001,,2004,722105,2,0.6229508197,107.4710937
AC,120001,,2004,725010,3,0.2486338798,4.6110748868
AC,120001,,2004,752310,3,1.5,562.5
AC,120001,,2004,762345,,1.8196721311,1003.5245252
AC,120001,,2004,765315,2,1,362.43
AC,120001,,2004,771105,3,1,253.33
AC,120001,,2004,772105,2,8.9617486339,107008.19879
AC,120001,,2004,773105,2,0.8114754098,122.82272288
AC,120001,,2004,773110,2,1,424.75
AC,120001,,2004,773120,2,20.732240437,1065096.775
AC,120001,,2004,773125,2,2.4644808743,4985.2152595
AC,120001,,2004,773325,2,8.7322404372,228752.68965
AC,120001,,2004,773335,2,1.1120218579,713.8861414
AC,120001,,2004,773340,2,3.6857923497,13594.744591
AC,120001,,2004,773345,2,0.2349726776,8.6272770098
AC,120001,,2004,773355,2,0.412568306,92.594988587
AC,120001,,2004,782205,2,0.1448087432,2.0759561261
AC,120001,,2004,782305,2,16.868852459,466823.25563
AC,120001,,2004,782310,2,3.0792349727,4652.0565088
AC,120001,,2004,782405,,10.428961749,354894.97243
AC,120001,,2004,782510,2,1.4972677596,506.78055926
AC,120001,,2004,783210,2,19.836065574,794632.06215
AC,120001,,2004,783220,2,1.9508196721,1136.2683062
AC,120001,,2004,811745,2,3.7131147541,10988.831574
AC,120001,,2004,821205,2,0.2295081967,3.6104120903
AC,120001,,2004,828110,3,5.8224043716,27460.036265
AC,120001,,2004,832110,3,1.3114754098,672.859044
AC,120001,,2004,841505,2,4.1284153005,23388.028746
AC,120001,,2004,841610,2,2.4972677596,2129.2466186
AC,120001,,2004,848305,2,1.0956284153,632.7428147
AC,120001,,2004,848505,2,1.1994535519,364.65793046
AC,120001,,2004,848510,2,3.1994535519,7687.8619395
AC,120001,,2004,862120,3,0.3524590164,25.289516569
AC,120001,,2004,911120,3,0.7486338798,201.39545699
AC,120001,,2004,911305,3,0.456284153,28.498855019
AC,120001,,2004,992105,,1.7131147541,985.35657585
AC,120001,,2004,992205,,1,360
AC,120001,,2005,141205,4,4.0246575342,47589.263968
AC,120001,,2005,141410,4,0.5835616438,63.875323654
AC,120001,,2005,141415,4,3,17660.88
AC,120001,,2005,141705,4,1,4264.41
AC,120001,,2005,142105,5,2.7753424658,10342.778209
AC,120001,,2005,142305,4,1.2493150685,723.12480502
AC,120001,,2005,142320,4,0.0821917808,0.8322244015
AC,120001,,2005,142415,,1,470.14
AC,120001,,2005,223208,5,0.3287671233,424.29652175
AC,120001,,2005,223305,5,0.9123287671,379.68558701
AC,120001,,2005,225125,,0.501369863,756.18128771
AC,120001,,2005,231210,4,136.80273973,1052619295.4
AC,120001,,2005,239410,5,4,76993.6
AC,120001,,2005,251605,5,3.4712328767,21542.694558
AC,120001,,2005,252305,4,0.8383561644,198.74176914
AC,120001,,2005,253215,,0.1150684932,8.9626183822
AC,120001,,2005,254415,3,2,1391.9
AC,120001,,2005,352210,3,9.6,153864.86195
AC,120001,,2005,410105,3,0.9945205479,983.6515525
AC,120001,,2005,411005,3,10.194520548,482368.94147
AC,120001,,2005,411010,3,0.5835616438,198.72852857
AC,120001,,2005,412105,3,9.9452054795,412340.17313
AC,120001,,2005,412205,3,13.909589041,345439.51252
AC,120001,,2005,413110,3,2,10941.28
AC,120001,,2005,413210,3,0.301369863,31.598543611
AC,120001,,2005,413225,3,2.1068493151,17674.403452
AC,120001,,2005,414105,3,0.0821917808,0.2570509772
AC,120001,,2005,421105,2,0.6684931507,253.19264734
AC,120001,,2005,421125,2,9.2465753425,122599.44732
AC,120001,,2005,422105,3,0.6739726027,153.07234388
AC,120001,,2005,422110,3,1.8328767123,984.96855874
AC,120001,,2005,511215,2,6.4082191781,51438.719126
AC,120001,,2005,512105,2,4.4164383562,8489.2250811
AC,120001,,2005,513205,2,1.1178082192,418.17489662
AC,120001,,2005,513435,2,0.3397260274,11.800751644
AC,120001,,2005,514225,2,90.471232877,53025177.838
AC,120001,,2005,514320,2,6.7150684932,35398.816128
AC,120001,,2005,514325,3,10.317808219,190544.54369
AC,120001,,2005,517330,3,2,1460.66
AC,120001,,2005,517420,2,8.8547945205,77517.960823
AC,120001,,2005,519935,2,1.4739726027,512.0962705
AC,120001,,2005,521110,2,16.876712329,541483.90085
AC,120001,,2005,521125,2,19.909589041,827948.01441
AC,120001,,2005,521130,2,2.7808219178,2338.9538393
AC,120001,,2005,521135,2,5.2438356164,18495.991266
AC,120001,,2005,621005,3,4.0767123288,8537.0574115
AC,120001,,2005,622005,,0.2794520548,10.239964171
AC,120001,,2005,623110,3,5.495890411,15960.039084
AC,120001,,2005,623115,3,1,573.33
AC,120001,,2005,632120,3,2.6630136986,4720.3089118
AC,120001,,2005,632515,3,7.3095890411,106465.83292
AC,120001,,2005,641010,2,1,472.33
AC,120001,,2005,642010,,0.4520547945,46.189498145
AC,120001,,2005,642015,2,1.4191780822,936.20776744
AC,120001,,2005,710205,3,0.5890410959,88.627014963
AC,120001,,2005,715210,3,1,408.01
AC,120001,,2005,715505,2,0.6164383562,93.826695234
AC,120001,,2005,721210,3,3,14662.53
AC,120001,,2005,721320,2,1.3780821918,1062.1263709
AC,120001,,2005,722105,2,0.495890411,54.79999708
AC,120001,,2005,722210,2,2.7890410959,6444.7265368
AC,120001,,2005,722220,2,0.6575342466,44.775009832
AC,120001,,2005,725010,3,3.1726027397,5951.5542253
AC,120001,,2005,752310,3,0.498630137,33.016058599
AC,120001,,2005,762345,,3.8547945205,19373.167212
AC,120001,,2005,765315,2,0.295890411,13.782784248
AC,120001,,2005,770105,,1,1102.15
AC,120001,,2005,771105,3,0.7726027397,240.08012617
AC,120001,,2005,772105,2,8.4493150685,68403.550627
AC,120001,,2005,772115,2,4.7753424658,27122.350675
AC,120001,,2005,773105,2,4.7808219178,26558.389217
AC,120001,,2005,773110,2,0.501369863,61.04273445
AC,120001,,2005,773120,2,25.01369863,2680238.8082
AC,120001,,2005,773125,2,2.1506849315,4318.5066626
AC,120001,,2005,773205,2,2,3214.68
AC,120001,,2005,773325,2,14.6,474980.26186
AC,120001,,2005,773335,2,1.9123287671,2416.5839621
AC,120001,,2005,773340,2,3,9422.79
AC,120001,,2005,773345,2,2,1827.78
AC,120001,,2005,773355,2,1,1525.05
AC,120001,,2005,782305,2,17.446575342,611706.49935
AC,120001,,2005,782310,2,3.5123287671,6581.4990112
AC,120001,,2005,782405,,12.956164384,500684.07236
AC,120001,,2005,782510,2,1.6657534247,1179.8021436
AC,120001,,2005,783210,2,16.128767123,424113.28852
AC,120001,,2005,783220,2,1.2849315068,801.4814611
AC,120001,,2005,784110,2,0.7068493151,134.33778975
AC,120001,,2005,811745,2,1.901369863,3075.0838876
AC,120001,,2005,828110,3,2.3315068493,1867.0027112
AC,120001,,2005,841505,2,4.2301369863,23745.125428
AC,120001,,2005,841610,2,1.7917808219,1721.7842008
AC,120001,,2005,841615,2,1,309.76
AC,120001,,2005,848305,2,2.898630137,4435.5332861
AC,120001,,2005,848310,2,0.3589041096,21.953354064
AC,120001,,2005,848505,2,1.6246575342,1012.6190107
AC,120001,,2005,848510,2,5.5835616438,25024.508115
AC,120001,,2005,848520,2,0.8219178082,168.50595218
AC,120001,,2005,910105,,1.2767123288,707.12020416
AC,120001,,2005,911120,3,0.0356164384,0.0216866615
AC,120001,,2005,992105,,1.5698630137,704.06198208
AC,120001,,2005,992205,,0.9506849315,284.31946821
AC,120001,,2006,141205,4,5.0821917808,75563.831971
AC,120001,,2006,141410,4,1,373.47
AC,120001,,2006,141415,4,3,19028.34
AC,120001,,2006,141705,4,0.6465753425,1109.5186449
AC,120001,,2006,142105,5,1.9890410959,5856.4721245
AC,120001,,2006,142320,4,1,2910.66
AC,120001,,2006,142415,,1,477.55
AC,120001,,2006,223305,5,1,580.55
AC,120001,,2006,231210,4,134.32876712,983785091.68
AC,120001,,2006,231325,4,1,1244.85
AC,120001,,2006,239410,5,3,38376.9
AC,120001,,2006,252305,4,1,833.33
AC,120001,,2006,253215,,0.3315068493,98.527388743
AC,120001,,2006,254415,3,2,1341.46
AC,120001,,2006,351505,3,0.6657534247,103.27810764
AC,120001,,2006,352210,3,8,92219.92
AC,120001,,2006,354815,3,0.4712328767,42.682495721
AC,120001,,2006,411005,3,9.1698630137,393089.40825
AC,120001,,2006,411010,3,0.3671232877,49.728099697
AC,120001,,2006,412105,3,7.4082191781,224966.25468
AC,120001,,2006,412205,3,5.3068493151,15976.379482
AC,120001,,2006,413110,3,2,11879.04
AC,120001,,2006,413210,3,1,2114
AC,120001,,2006,413225,3,1.895890411,5536.3352082
AC,120001,,2006,414105,3,0.4547945205,48.334438253
AC,120001,,2006,415205,3,0.8356164384,343.84660082
AC,120001,,2006,421105,2,1,884.62
AC,120001,,2006,421125,2,7.7863013699,124519.68219
AC,120001,,2006,422110,3,3.5506849315,9145.6737455
AC,120001,,2006,511215,2,6.6547945205,53162.07232
AC,120001,,2006,512105,2,9.9506849315,129680.91573
AC,120001,,2006,513205,2,0.9726027397,246.08422789
AC,120001,,2006,513405,2,0.5835616438,55.306478679
AC,120001,,2006,514120,2,0.3315068493,19.43914057
AC,120001,,2006,514225,2,94.095890411,61978535.797
AC,120001,,2006,514320,2,5.6356164384,23564.582149
AC,120001,,2006,514325,3,8.7863013699,121812.47195
AC,120001,,2006,517410,2,0.3315068493,20.03734644
AC,120001,,2006,517420,2,8.0438356164,89834.865971
AC,120001,,2006,519110,2,1,273.83019824
AC,120001,,2006,519935,2,1.8383561644,1130.2250943
AC,120001,,2006,521110,2,23.339726027,2538337.2477
AC,120001,,2006,521125,2,26.57260274,2306027.5306
AC,120001,,2006,521130,2,2.3452054795,1681.3032239
AC,120001,,2006,521135,2,7.3890410959,60068.118217
AC,120001,,2006,621005,3,7.8465753425,95350.459268
AC,120001,,2006,623015,3,0.9945205479,491.82577625
AC,120001,,2006,623110,3,5.7698630137,17258.734326
AC,120001,,2006,632120,3,2.5232876712,6146.1816708
AC,120001,,2006,632515,3,2.8712328767,11415.673814
AC,120001,,2006,641010,2,1,466.43
AC,120001,,2006,642015,2,1.8273972603,2134.2674866
AC,120001,,2006,710205,3,0.5835616438,73.032734251
AC,120001,,2006,715135,2,0.8520547945,367.67725219
AC,120001,,2006,715210,3,1.4164383562,899.78190293
AC,120001,,2006,715505,2,0.3671232877,23.869487855
AC,120001,,2006,715510,2,1.6684931507,1211.4875854
AC,120001,,2006,721210,3,3,18990.45
AC,120001,,2006,721320,2,1,900
AC,120001,,2006,722310,2,1,337.5
AC,120001,,2006,725010,3,3,5503.65
AC,120001,,2006,752310,3,11.904109589,284156.82565
AC,120001,,2006,762345,,4.4164383562,22085.685053
AC,120001,,2006,770105,,0.5589041096,214.16567072
AC,120001,,2006,772105,2,3.4849315068,10074.70063
AC,120001,,2006,772115,2,3.1506849315,6615.84817
AC,120001,,2006,773105,2,3.0520547945,9253.6286457
AC,120001,,2006,773110,2,0.7287671233,192.85640678
AC,120001,,2006,773115,2,1.1671232877,437.20276286
AC,120001,,2006,773120,2,9.701369863,116826.39457
AC,120001,,2006,773125,2,0.3287671233,27.39306673
AC,120001,,2006,773205,2,1.0602739726,486.81760384
AC,120001,,2006,773325,2,7.6575342466,71616.974177
AC,120001,,2006,773335,2,1.498630137,2454.3586939
AC,120001,,2006,773340,2,3,10789.53
AC,120001,,2006,773345,2,0.7780821918,93.710211262
AC,120001,,2006,773355,2,0.7287671233,415.85668076
AC,120001,,2006,782205,2,0.9945205479,514.29237771
AC,120001,,2006,782305,2,14.660273973,426323.86787
AC,120001,,2006,782310,2,3.3123287671,7204.8419387
AC,120001,,2006,782405,,19.909589041,1513582.0944
AC,120001,,2006,782510,2,2.7890410959,4829.1562321
AC,120001,,2006,783210,2,13.353424658,300310.17969
AC,120001,,2006,783215,2,0.1150684932,0.4799321366
AC,120001,,2006,784205,2,1.6328767123,2697.6411547
AC,120001,,2006,841610,2,1.9945205479,1423.6431582
AC,120001,,2006,841615,2,1,364.58
AC,120001,,2006,848305,2,4.1287671233,12942.452831
AC,120001,,2006,848505,2,0.8821917808,236.89643391
AC,120001,,2006,848510,2,7.6164383562,44464.045659
AC,120001,,2006,992205,,0.5835616438,158.98282286
AC,120001,,2006,992225,,1.2410958904,307.0977763
AC,120001,,2007,123105,4,1,800
AC,120001,,2007,141115,3,0.83,514.6083
AC,120001,,2007,141205,4,4.313,22546.04606
AC,120001,,2007,141410,4,1,415.3
AC,120001,,2007,141415,4,3.222,25230.21783
AC,120001,,2007,142105,5,5.643,51520.299359
AC,120001,,2007,142115,5,0.997,518.94136414
AC,120001,,2007,142305,4,0.838,411.9363304
AC,120001,,2007,142320,4,1.82,11264.269436
AC,120001,,2007,142415,,2.997,7620.8285642
AC,120001,,2007,142705,5,3.906,7529.3242684
AC,120001,,2007,223208,5,1.794,17265.655591
AC,120001,,2007,223305,5,1,616.66
AC,120001,,2007,223505,4,0.948,2471.2026605
AC,120001,,2007,225225,,1.151,7974.6749387
AC,120001,,2007,231210,4,134.243,1908371405.6
AC,120001,,2007,239410,5,4,139404.8
AC,120001,,2007,241020,5,1,1000
AC,120001,,2007,252305,4,0.167,1.8296843396
AC,120001,,2007,254415,3,2,1172.46
AC,120001,,2007,351110,3,1.997,1892.3643892
AC,120001,,2007,351505,3,4.069,49275.476056
AC,120001,,2007,352210,3,8,100749.52
AC,120001,,2007,354815,3,1,415.22
AC,120001,,2007,411005,3,7.496,138711.61855
AC,120001,,2007,411030,3,1,754.06
AC,120001,,2007,412105,3,7.671,268512.77044
AC,120001,,2007,412205,3,16.365,657701.02494
AC,120001,,2007,413110,3,1.181,2405.8995842
AC,120001,,2007,413210,3,0.831,1577.3853336
AC,120001,,2007,413225,3,2.172,15001.675366
AC,120001,,2007,415205,3,1,751.57
AC,120001,,2007,421105,2,1,1055.73
AC,120001,,2007,421125,2,13.616,469218.55531
AC,120001,,2007,422105,3,1,381.61
AC,120001,,2007,422110,3,2.323,2891.1979159
AC,120001,,2007,511215,2,4.661,17902.47937
AC,120001,,2007,512105,2,1.082,405.71869774
AC,120001,,2007,513205,2,0.085,0.280041
AC,120001,,2007,513435,2,1.082,509.73233985
AC,120001,,2007,514120,2,1.964,1809.9521242
AC,120001,,2007,514225,2,94.09,69330593.593
AC,120001,,2007,514320,2,8.498,89483.168075
AC,120001,,2007,514325,3,3.758,14322.897744
AC,120001,,2007,517410,2,0.97,515.90666671
AC,120001,,2007,517420,2,9.115,87155.895586
AC,120001,,2007,519110,2,2.622,3070.3865083
AC,120001,,2007,519935,2,0.973,369.69207933
AC,120001,,2007,521110,2,20.88,3495048.7146
AC,120001,,2007,521125,2,21.183,1238257.8968
AC,120001,,2007,521130,2,1.186,436.45370229
AC,120001,,2007,521135,2,7.789,77183.614283
AC,120001,,2007,621005,3,7.112,100398.67927
AC,120001,,2007,623110,3,16.372,417086.44686
AC,120001,,2007,632120,3,1.94,5394.8466099
AC,120001,,2007,632515,3,3.405,14553.71182
AC,120001,,2007,641010,2,1,501.56
AC,120001,,2007,641015,2,4.12,20205.344123
AC,120001,,2007,642015,2,1.97,3034.2861921
AC,120001,,2007,715130,2,1.545,958.83796836
AC,120001,,2007,715210,3,4.626,17330.400158
AC,120001,,2007,715505,2,0.753,77.346702011
AC,120001,,2007,715510,2,1.83,2874.8119668
AC,120001,,2007,717020,2,1.336,328.64213979
AC,120001,,2007,721210,3,3,15191.19
AC,120001,,2007,721320,2,0.97,915.20110421
AC,120001,,2007,725010,3,3.573,10778.633984
AC,120001,,2007,752310,3,9.162,250748.48707
AC,120001,,2007,772105,2,1.94,2692.1115481
AC,120001,,2007,772115,2,0.97,512.42025585
AC,120001,,2007,773115,2,3.413,21544.185621
AC,120001,,2007,773120,2,8.379,234721.24715
AC,120001,,2007,773125,2,1.403,1286.1074278
AC,120001,,2007,773325,2,7.57,52508.951549
AC,120001,,2007,773335,2,0.721,307.61775199
AC,120001,,2007,773340,2,2.14,3825.3421826
AC,120001,,2007,782205,2,1,564.51
AC,120001,,2007,782305,2,16.668,511470.41637
AC,120001,,2007,782310,2,6,57627.6
AC,120001,,2007,782405,,18.672,1382520.2083
AC,120001,,2007,782505,2,4.671,22450.887668
AC,120001,,2007,782510,2,2.651,3159.5266592
AC,120001,,2007,783210,2,14.382,428208.25102
AC,120001,,2007,783225,2,1.997,3199.0464638
AC,120001,,2007,828110,3,10.978,599509.79439
AC,120001,,2007,841610,2,2,1619.4
AC,120001,,2007,841615,2,1,390.76
AC,120001,,2007,848305,2,0.788,260.46906923
AC,120001,,2007,848315,2,3.378,20680.416685
AC,120001,,2007,848505,2,7.831,212667.251
AC,120001,,2007,848510,2,6.268,33816.333943
AC,120001,,2007,848515,2,10.911,238588.00431
AC,120001,,2007,848520,2,7.256,79468.212854
AC,120001,,2007,914415,3,0.915,459.636525
AC,120001,,2007,992205,,0.915,635.83052625
AC,120001,,2007,992225,,2.915,3321.7412464
AC,120001,,2008,121010,5,0.582,297.16092578
AC,120001,,2008,123105,4,1,858.33
AC,120001,,2008,123115,4,0.582,178.29694974
AC,120001,,2008,141205,4,2.429,4322.0001533
AC,120001,,2008,141410,4,0.637,120.22957787
AC,120001,,2008,141415,4,2.604,15165.672269
AC,120001,,2008,142105,5,12.841,593670.46928
AC,120001,,2008,142205,4,1,754.91
AC,120001,,2008,142305,4,2.169,4497.6946154
AC,120001,,2008,142320,4,1,4568.78
AC,120001,,2008,142415,,1.801,3219.7426928
AC,120001,,2008,223208,5,2.683,57297.921087
AC,120001,,2008,223305,5,1,616.66
AC,120001,,2008,223505,4,5.701,531020.98175
AC,120001,,2008,225225,,2.375,75196.198074
AC,120001,,2008,231210,4,138.285,3127913097.5
AC,120001,,2008,239410,5,4,112771.84
AC,120001,,2008,251530,5,0.866,1421.0421123
AC,120001,,2008,252305,4,1.167,706.84681165
AC,120001,,2008,254415,3,2,1362.08
AC,120001,,2008,261110,4,1,1291.66
AC,120001,,2008,322415,,5.178,82604.429592
AC,120001,,2008,351110,3,0.997,478.99306686
AC,120001,,2008,351505,3,3.044,15722.460321
AC,120001,,2008,352210,3,50.4,25508877.322
AC,120001,,2008,354815,3,1,438.75
AC,120001,,2008,410105,3,1.74,1467.9858
AC,120001,,2008,411005,3,6.418,90634.521297
AC,120001,,2008,412105,3,8.519,468534.4699
AC,120001,,2008,412205,3,3.554,8025.9990498
AC,120001,,2008,413110,3,1,1610.61
AC,120001,,2008,413210,3,1.65,3879.7904232
AC,120001,,2008,413225,3,2,12211.74
AC,120001,,2008,415205,3,0.962,882.10210737
AC,120001,,2008,421105,2,1,1220.22
AC,120001,,2008,421125,2,17.124,1135123.8618
AC,120001,,2008,422105,3,0.923,331.21025601
AC,120001,,2008,511215,2,4.461,16128.169841
AC,120001,,2008,512105,2,4.115,14967.60174
AC,120001,,2008,513205,2,2.17,3349.6658063
AC,120001,,2008,513425,2,0.667,133.57200968
AC,120001,,2008,514120,2,6.901,59229.187577
AC,120001,,2008,514225,2,91.992,85409885.597
AC,120001,,2008,514320,2,2.112,1631.5245813
AC,120001,,2008,517410,2,0.251,9.4879506
AC,120001,,2008,517420,2,10.835,177260.62438
AC,120001,,2008,519110,2,2.155,2151.413612
AC,120001,,2008,521110,2,16.809,2730638.5535
AC,120001,,2008,521125,2,26.62,3154888.9945
AC,120001,,2008,521130,2,1.044,824.08662572
AC,120001,,2008,521135,2,6.933,77337.72479
AC,120001,,2008,621005,3,13.216,302831.78838
AC,120001,,2008,622005,,1.771,1307.6146439
AC,120001,,2008,622610,3,0.246,6.6723247152
AC,120001,,2008,623020,3,0.505,53.445576499
AC,120001,,2008,623110,3,22.02,1138270.2738
AC,120001,,2008,632120,3,0.393,41.335649217
AC,120001,,2008,632515,3,1.5,2202.4665
AC,120001,,2008,641010,2,1,874.99
AC,120001,,2008,641015,2,3.355,16571.833739
AC,120001,,2008,642015,2,2.738,6998.6291386
AC,120001,,2008,712225,3,0.333,26.562006195
AC,120001,,2008,715145,2,0.475,89.257024375
AC,120001,,2008,715210,3,5.795,26688.064218
AC,120001,,2008,715505,2,3,4065.18
AC,120001,,2008,717020,2,4.959,17656.103749
AC,120001,,2008,721210,3,3,22692.42
AC,120001,,2008,721215,3,0.251,9.4879506
AC,120001,,2008,721320,2,0.418,75.30308767
AC,120001,,2008,725010,3,2.085,1906.0254244
AC,120001,,2008,752310,3,41.839,21721162.41
AC,120001,,2008,773120,2,3.793,13198.27618
AC,120001,,2008,773325,2,7.47,88210.645318
AC,120001,,2008,773335,2,1.418,1141.3894734
AC,120001,,2008,773340,2,4.013,17470.723128
AC,120001,,2008,782205,2,0.418,47.4725108
AC,120001,,2008,782305,2,15.696,549422.23224
AC,120001,,2008,782310,2,7.492,93438.719637
AC,120001,,2008,782405,,14.163,491308.38881
AC,120001,,2008,782505,2,6.199,56719.913573
AC,120001,,2008,782510,2,2.915,6473.3332125
AC,120001,,2008,783210,2,3.531,6542.0908825
AC,120001,,2008,783225,2,2.005,3786.446593
AC,120001,,2008,821305,2,0.167,3.95884355
AC,120001,,2008,828110,3,2.06,1696.2947624
AC,120001,,2008,841610,2,2,3577.04
AC,120001,,2008,841615,2,0.505,57.722613525
AC,120001,,2008,848305,2,1.262,504.60038666
AC,120001,,2008,848315,2,4.068,36672.895783
AC,120001,,2008,848505,2,3,7539
AC,120001,,2008,848510,2,6.923,60275.642348
AC,120001,,2008,848515,2,7.806,141553.84341
AC,120001,,2008,848520,2,14.654,668510.6656
AC,120001,,2008,862150,3,1.923,2091.3001069
AC,120001,,2008,914415,3,0.797,142.56580569
AC,120001,,2008,991305,,0.418,32.734122062
AC,120001,,2008,992225,,1.331,606.52048177
AC,120001,,2009,111220,,0.29,12.02938647
AC,120001,,2009,141205,4,3,10548.51
AC,120001,,2009,141410,4,1,745.11
AC,120001,,2009,141415,4,4.167,38977.419402
AC,120001,,2009,142105,5,7.956,164516.21567
AC,120001,,2009,142110,,0.753,300.30075245
AC,120001,,2009,142115,5,0.753,582.79736561
AC,120001,,2009,142205,4,1,1003.71
AC,120001,,2009,142305,4,3,13952.88
AC,120001,,2009,142320,4,1.002,2734.9087567
AC,120001,,2009,142405,4,0.178,13.207735209
AC,120001,,2009,142415,,1,809.63
AC,120001,,2009,142705,5,4.351,49006.716891
AC,120001,,2009,223208,5,2.224,33084.245808
AC,120001,,2009,223305,5,0.249,11.578995515
AC,120001,,2009,223505,4,6.731,856291.11272
AC,120001,,2009,225125,,2.534,85307.860551
AC,120001,,2009,225225,,1.947,40015.804406
AC,120001,,2009,231210,4,144.296,3963679514.2
AC,120001,,2009,239410,5,3.825,163476.67103
AC,120001,,2009,251530,5,1.503,9896.1486843
AC,120001,,2009,252105,4,1.506,24668.646891
AC,120001,,2009,252305,4,0.83,284.9247826
AC,120001,,2009,254415,3,2,1859.76
AC,120001,,2009,322415,,2.342,2933.8653049
AC,120001,,2009,342205,2,1.668,2986.4730734
AC,120001,,2009,342310,3,0.668,119.2310528
AC,120001,,2009,351110,3,1.748,2458.1258351
AC,120001,,2009,351505,3,4.847,140088.00451
AC,120001,,2009,352210,3,51.155,33594370.768
AC,120001,,2009,354815,3,1,525.6
AC,120001,,2009,377105,4,0.753,277.52255505
AC,120001,,2009,410105,3,1,909.49
AC,120001,,2009,411005,3,10.668,242943.93756
AC,120001,,2009,412105,3,6.912,327980.73625
AC,120001,,2009,412205,3,5.601,43320.293901
AC,120001,,2009,413110,3,1,2360.54
AC,120001,,2009,413210,3,0.751,629.58553212
AC,120001,,2009,413225,3,2.134,15850.946095
AC,120001,,2009,415205,3,1.997,12105.625367
AC,120001,,2009,421105,2,1.751,6023.320788
AC,120001,,2009,421125,2,19.022,1994803.2968
AC,120001,,2009,511215,2,4.862,27336.71677
AC,120001,,2009,512105,2,3.249,5371.2977384
AC,120001,,2009,513205,2,3.147,10729.860603
AC,120001,,2009,513425,2,0.419,25.160132363
AC,120001,,2009,513435,2,0.252,8.0367106176
AC,120001,,2009,514120,2,6.28,51932.611566
AC,120001,,2009,514215,3,2.545,4513.5083575
AC,120001,,2009,514225,2,89.882,83624345.556
AC,120001,,2009,517410,2,0.334,22.3558224
AC,120001,,2009,517420,2,10.863,202664.08668
AC,120001,,2009,519110,2,1.827,1811.9027185
AC,120001,,2009,519935,2,0.142,1.3900117925
AC,120001,,2009,521110,2,20.997,4733878.6291
AC,120001,,2009,521125,2,21.184,1900420.6741
AC,120001,,2009,521130,2,3.77,21746.456741
AC,120001,,2009,521135,2,9.1,209348.18534
AC,120001,,2009,613005,3,0.238,6.26879148
AC,120001,,2009,621005,3,15.158,398636.3174
AC,120001,,2009,623110,3,20.959,1188815.2798
AC,120001,,2009,632515,3,2.414,11312.898677
AC,120001,,2009,641010,2,2,3358.68
AC,120001,,2009,641015,2,0.997,456.69495997
AC,120001,,2009,642015,2,4.551,33622.249163
AC,120001,,2009,712225,3,1,830
AC,120001,,2009,715145,2,0.014,0.0022284024
AC,120001,,2009,715210,3,3.72,10198.316484
AC,120001,,2009,715505,2,3,3459
AC,120001,,2009,717020,2,4.49,14373.161021
AC,120001,,2009,721210,3,3,20636.19
AC,120001,,2009,721320,2,0.249,16.132970205
AC,120001,,2009,725010,3,2.074,1818.6063442
AC,120001,,2009,752310,3,23.578,7241974.8848
AC,120001,,2009,768105,2,0.753,214.41819561
AC,120001,,2009,773120,2,4.165,20716.863108
AC,120001,,2009,773325,2,6.632,73282.18045
AC,120001,,2009,773335,2,2,3029.52
AC,120001,,2009,773340,2,8.724,190179.57515
AC,120001,,2009,773510,,0.419,70.176296286
AC,120001,,2009,782205,2,1,649.09
AC,120001,,2009,782305,2,15.906,513429.98132
AC,120001,,2009,782310,2,5.831,52398.351018
AC,120001,,2009,782405,,12.187,511529.60992
AC,120001,,2009,782505,2,4.953,40191.419239
AC,120001,,2009,782510,2,2.378,3985.6595784
AC,120001,,2009,783210,2,3.304,12575.273696
AC,120001,,2009,783225,2,1.407,1659.3559265
AC,120001,,2009,821305,2,1,912.5
AC,120001,,2009,823305,3,0.164,2.8089332486
AC,120001,,2009,828110,3,10.826,182781.82344
AC,120001,,2009,841610,2,2,4056.64
AC,120001,,2009,848305,2,4.067,15240.836291
AC,120001,,2009,848315,2,2.754,10189.800583
AC,120001,,2009,848505,2,9.738,304402.27548
AC,120001,,2009,848510,2,7.348,86089.102478
AC,120001,,2009,848515,2,2.153,6443.2289397
AC,120001,,2009,848520,2,17.187,1777628.2675
AC,120001,,2009,862120,3,5.589,63377.355906
AC,120001,,2009,862150,3,0.726,208.18250588
AC,120001,,2009,911305,3,0.504,102.4192512
AC,120001,,2009,914415,3,0.77,226.06601094
AC,120001,,2009,919205,,0.668,150.29074205
AC,120001,,2009,991305,,1.414,1441.6503301
AC,120001,,2009,992225,,1.425,2966.5217267
AC,120001,,2010,141205,4,1.186,1597.6840188
AC,120001,,2010,141410,4,2.676,7644.0888297
AC,120001,,2010,141415,4,4.668,79216.773686
AC,120001,,2010,142105,5,20.227,3287719.572
AC,120001,,2010,142305,4,2.082,8745.887345
AC,120001,,2010,142320,4,1.918,10386.622804
AC,120001,,2010,142415,,0.496,89.528961843
AC,120001,,2010,223208,5,2.499,47680.290244
AC,120001,,2010,223505,4,5.972,520521.2683
AC,120001,,2010,223605,5,0.751,945.84973852
AC,120001,,2010,223710,5,0.748,1086.2384774
AC,120001,,2010,224105,,0.751,635.3471265
AC,120001,,2010,225124,,0.751,1719.0926054
AC,120001,,2010,225125,,5.727,936922.63772
AC,120001,,2010,231210,4,134.377,1878310628.5
AC,120001,,2010,239410,5,3,96270.3
AC,120001,,2010,251530,5,0.997,1762.412638
AC,120001,,2010,251605,5,0.751,782.86625798
AC,120001,,2010,252105,4,2,46707.28
AC,120001,,2010,254415,3,2,2241.68
AC,120001,,2010,322415,,3.98,23821.509361
AC,120001,,2010,342205,2,6.691,231424.0393
AC,120001,,2010,342310,3,0.474,42.419838894
AC,120001,,2010,342315,3,0.504,102.25666064
AC,120001,,2010,351110,3,1,700
AC,120001,,2010,351425,3,1.67,2775.0561793
AC,120001,,2010,351505,3,6.565,378759.90913
AC,120001,,2010,352210,3,52.252,41547840.117
AC,120001,,2010,354815,3,0.225,6.27395625
AC,120001,,2010,372210,3,2,14444.54
AC,120001,,2010,391230,3,1,2740.86
AC,120001,,2010,410105,3,1,951.52
AC,120001,,2010,411005,3,14.219,1094583.5305
AC,120001,,2010,411010,3,0.222,12.086901
AC,120001,,2010,411030,3,0.332,25.6160576
AC,120001,,2010,412105,3,6.658,252834.01059
AC,120001,,2010,412205,3,7.142,99903.445839
AC,120001,,2010,413110,3,1.504,268.0544608
AC,120001,,2010,413210,3,1,2712.17
AC,120001,,2010,413225,3,4.386,187331.8878
AC,120001,,2010,414105,3,0.956,361.97614862
AC,120001,,2010,415205,3,66.051,415779971.17
AC,120001,,2010,421105,2,4.649,211651.39546
AC,120001,,2010,421125,2,22.233,3855339.9348
AC,120001,,2010,421305,3,0.167,3.49309725
AC,120001,,2010,422105,3,0.419,45.460116462
AC,120001,,2010,422120,3,0.586,106.14482994
AC,120001,,2010,511215,2,3.433,8726.5189619
AC,120001,,2010,513205,2,4.282,32636.053205
AC,120001,,2010,513425,2,0.548,90.643278874
AC,120001,,2010,513435,2,1,550.8
AC,120001,,2010,514120,2,8.643,101075.29976
AC,120001,,2010,514215,3,0.995,381.07840813
AC,120001,,2010,514225,2,89.307,86844862.824
AC,120001,,2010,514320,2,0.195,4.3627641525
AC,120001,,2010,517420,2,9.255,188410.83808
AC,120001,,2010,519110,2,2.158,3786.6262577
AC,120001,,2010,519935,2,0.767,249.363053
AC,120001,,2010,521110,2,22.06,8727108.148
AC,120001,,2010,521125,2,20.917,2366733.2775
AC,120001,,2010,521130,2,3.762,23741.370465
AC,120001,,2010,521135,2,13.037,819954.05608
AC,120001,,2010,611005,3,1,1030.55
AC,120001,,2010,613005,3,3.691,15866.647974
AC,120001,,2010,621005,3,19.66,797158.55685
AC,120001,,2010,622005,,2,2099.48
AC,120001,,2010,622610,3,0.334,20.522644963
AC,120001,,2010,623110,3,21.355,1267429.4854
AC,120001,,2010,632515,3,1.192,1671.7473205
AC,120001,,2010,641010,2,2,2121.7
AC,120001,,2010,641015,2,2.673,5655.8389275
AC,120001,,2010,642015,2,2.781,12515.329628
AC,120001,,2010,712225,3,0.156,0
AC,120001,,2010,715210,3,4.997,45025.738379
AC,120001,,2010,715505,2,3,3849.99
AC,120001,,2010,717020,2,5,14818.2
AC,120001,,2010,721210,3,3,12819.87
AC,120001,,2010,724325,3,0.915,515.08401113
AC,120001,,2010,725010,3,2.277,2467.3626171
AC,120001,,2010,752310,3,17,1361190
AC,120001,,2010,768105,2,1,566.1
AC,120001,,2010,771105,3,0.252,16.234091436
AC,120001,,2010,772105,2,1,744.77
AC,120001,,2010,773120,2,2.775,6143.319973
AC,120001,,2010,773325,2,5.907,43960.264051
AC,120001,,2010,773335,2,1.093,989.60494454
AC,120001,,2010,773340,2,0.651,80.6831363
AC,120001,,2010,773510,,1,973
AC,120001,,2010,782205,2,0.055,0.0621809925
AC,120001,,2010,782305,2,15.698,478409.13178
AC,120001,,2010,782310,2,4.816,42403.621618
AC,120001,,2010,782405,,13.293,669169.84947
AC,120001,,2010,782505,2,6.752,104355.81822
AC,120001,,2010,782510,2,2.066,2428.6682855
AC,120001,,2010,783210,2,1.301,740.24312353
AC,120001,,2010,783225,2,1.641,2491.6878357
AC,120001,,2010,821305,2,0.096,0.8847183053
AC,120001,,2010,823315,3,5.67,144389.2295
AC,120001,,2010,828110,3,26.15,4976513.429
AC,120001,,2010,841610,2,2.085,4852.7551008
AC,120001,,2010,848210,2,0.085,0.39304
AC,120001,,2010,848305,2,5.746,44484.013445
AC,120001,,2010,848315,2,2.537,9523.8363809
AC,120001,,2010,848505,2,3.611,9581.0876049
AC,120001,,2010,848510,2,7.327,81190.80987
AC,120001,,2010,848515,2,2,5940.52
AC,120001,,2010,848520,2,23.385,6506723.5956
AC,120001,,2010,862120,3,5.973,102740.39315
AC,120001,,2010,911305,3,1,828
AC,120001,,2010,914415,3,1.424,796.88288906
AC,120001,,2010,919205,,0.838,161.56731359
AC,120001,,2010,991305,,1.082,715.58976705
AC,120001,,2010,991310,3,0.504,70.541259264
AC,120001,,2010,992225,,1.504,961.88043264
AC,120001,,2011,141205,4,1.37,1533.2528771
AC,120001,,2011,141410,4,5.53,67597.170897
AC,120001,,2011,141415,4,4.208,134524.19921
AC,120001,,2011,142105,5,7.95,352826.55385
AC,120001,,2011,142305,4,1.288,2407.7751303
AC,120001,,2011,142320,4,3.041,57525.400152
AC,120001,,2011,342205,2,1.126,869.65450724
AC,120001,,2011,342315,3,1,857.7
AC,120001,,2011,351305,4,0.37,43.05505
AC,120001,,2011,351405,3,2.355,7687.6391918
AC,120001,,2011,351505,3,1,1315.96
AC,120001,,2011,391115,3,1.257,1169.0311696
AC,120001,,2011,391215,3,0.093,0.5493677874
AC,120001,,2011,410105,3,1.041,978.54639695
AC,120001,,2011,410235,3,0.682,722.79877035
AC,120001,,2011,411005,3,19.28,3160630.0153
AC,120001,,2011,411010,3,1.685,4006.1908213
AC,120001,,2011,412205,3,10.031,216342.9642
AC,120001,,2011,413110,3,1,618
AC,120001,,2011,413210,3,1,2931.75
AC,120001,,2011,413225,3,5,253177.5
AC,120001,,2011,414105,3,1.457,1199.621305
AC,120001,,2011,414110,3,0.167,3.2602241
AC,120001,,2011,414115,3,0.723,248.67239942
AC,120001,,2011,414210,3,0.126,1.7803546438
AC,120001,,2011,415205,3,2,15892.88
AC,120001,,2011,421105,2,1,1919.07
AC,120001,,2011,421125,2,22.69,4825627.4932
AC,120001,,2011,421305,3,0.203,6.27407025
AC,120001,,2011,422105,3,1,636.88
AC,120001,,2011,422110,3,0.252,9.4193705088
AC,120001,,2011,422120,3,1,587.7
AC,120001,,2011,511215,2,3.338,20750.817905
AC,120001,,2011,512105,2,2.126,2605.568283
AC,120001,,2011,513205,2,4.505,29496.993465
AC,120001,,2011,513435,2,1.457,1895.4702615
AC,120001,,2011,514120,2,9.737,268826.53989
AC,120001,,2011,514215,3,1.827,1453.4203558
AC,120001,,2011,514225,2,0.203,5.7976591824
AC,120001,,2011,514320,2,1,580.42
AC,120001,,2011,514325,3,2.701,7263.1380671
AC,120001,,2011,517310,3,0.258,24.647767893
AC,120001,,2011,517330,3,0.682,296.57187185
AC,120001,,2011,517420,2,8,194375.2
AC,120001,,2011,519110,2,3.528,8775.2677746
AC,120001,,2011,519935,2,1,587.7
AC,120001,,2011,520110,4,0.997,3856.3138881
AC,120001,,2011,521105,2,3.455,169001.62161
AC,120001,,2011,521110,2,23.691,10998739.387
AC,120001,,2011,521115,2,0.252,15.716874217
AC,120001,,2011,521125,2,23.659,4148505.6676
AC,120001,,2011,521130,2,3.92,23505.753046
AC,120001,,2011,521135,2,16.368,2368962.5177
AC,120001,,2011,611005,3,0.34,36.91903328
AC,120001,,2011,613005,3,5.342,42884.272445
AC,120001,,2011,621005,3,40.533,7577258.7471
AC,120001,,2011,622005,,2.194,1489.1996955
AC,120001,,2011,623110,3,17.245,553338.09274
AC,120001,,2011,632120,3,2.129,4001.6692663
AC,120001,,2011,632515,3,2.369,9928.1679503
AC,120001,,2011,641010,2,0.208,5.2967596032
AC,120001,,2011,641015,2,3.043,9901.7876662
AC,120001,,2011,642015,2,2.999,9810.0882705
AC,120001,,2011,715130,2,0.625,246.82617188
AC,120001,,2011,715135,2,0.126,2.18040984
AC,120001,,2011,715210,3,4.04,16376.281215
AC,120001,,2011,715505,2,3.039,3419.7291823
AC,120001,,2011,717020,2,4.414,11501.777419
AC,120001,,2011,723315,2,0.753,251.30734754
AC,120001,,2011,724315,3,0.753,251.30734754
AC,120001,,2011,724325,3,1,787.95
AC,120001,,2011,725010,3,0.622,147.16452214
AC,120001,,2011,768105,2,0.041,0.0401947272
AC,120001,,2011,771105,3,0.455,82.029029241
AC,120001,,2011,772105,2,2.963,5461.4016216
AC,120001,,2011,773110,2,0.649,297.9586404
